Country,IP address,Throughput,Binary IP,B0,B1,B2,B3,B4,B5,B6,B7,B8,B9,B10,B11,B12,B13,B14,B15,B16,B17,B18,B19,B20,B21,B22,B23,B24,B25,B26,B27,B28,B29,B30,B31
CN,184.26.149.102,7944747.798,1.0111E+31,1,0,1,1,1,0,0,0,0,0,0,1,1,0,1,0,1,0,0,1,0,1,0,1,0,1,1,0,0,1,1,0
CN,216.58.210.193,26502052.31,1.1011E+31,1,1,0,1,1,0,0,0,0,0,1,1,1,0,1,0,1,1,0,1,0,0,1,0,1,1,0,0,0,0,0,1
CN,184.28.198.82,9074177.588,1.0111E+31,1,0,1,1,1,0,0,0,0,0,0,1,1,1,0,0,1,1,0,0,0,1,1,0,0,1,0,1,0,0,1,0
CN,47.246.47.165,49097754.74,1.01111E+29,0,0,1,0,1,1,1,1,1,1,1,1,0,1,1,0,0,0,1,0,1,1,1,1,1,0,1,0,0,1,0,1
CN,52.85.104.91,59352760.58,1.101E+29,0,0,1,1,0,1,0,0,0,1,0,1,0,1,0,1,0,1,1,0,1,0,0,0,0,1,0,1,1,0,1,1
CN,163.171.133.152,28282860.2,1.01E+31,1,0,1,0,0,0,1,1,1,0,1,0,1,0,1,1,1,0,0,0,0,1,0,1,1,0,0,1,1,0,0,0
CN,199.232.56.155,55783699.04,1.10001E+31,1,1,0,0,0,1,1,1,1,1,1,0,1,0,0,0,0,0,1,1,1,0,0,0,1,0,0,1,1,0,1,1
CN,184.26.149.102,49722812.7,1.0111E+31,1,0,1,1,1,0,0,0,0,0,0,1,1,0,1,0,1,0,0,1,0,1,0,1,0,1,1,0,0,1,1,0
CN,184.26.149.102,77705790.1,1.0111E+31,1,0,1,1,1,0,0,0,0,0,0,1,1,0,1,0,1,0,0,1,0,1,0,1,0,1,1,0,0,1,1,0
CN,39.96.90.90,10813355.37,1.00111E+29,0,0,1,0,0,1,1,1,0,1,1,0,0,0,0,0,0,1,0,1,1,0,1,0,0,1,0,1,1,0,1,0
CN,216.58.210.193,209780955.9,1.1011E+31,1,1,0,1,1,0,0,0,0,0,1,1,1,0,1,0,1,1,0,1,0,0,1,0,1,1,0,0,0,0,0,1
CN,199.232.58.208,39433579.98,1.10001E+31,1,1,0,0,0,1,1,1,1,1,1,0,1,0,0,0,0,0,1,1,1,0,1,0,1,1,0,1,0,0,0,0
CN,163.171.146.54,71229264.08,1.01E+31,1,0,1,0,0,0,1,1,1,0,1,0,1,0,1,1,1,0,0,1,0,0,1,0,0,0,1,1,0,1,1,0
CN,216.58.210.193,395010286.1,1.1011E+31,1,1,0,1,1,0,0,0,0,0,1,1,1,0,1,0,1,1,0,1,0,0,1,0,1,1,0,0,0,0,0,1
CN,216.58.210.193,405245823.6,1.1011E+31,1,1,0,1,1,0,0,0,0,0,1,1,1,0,1,0,1,1,0,1,0,0,1,0,1,1,0,0,0,0,0,1
CN,216.58.210.193,367994359.9,1.1011E+31,1,1,0,1,1,0,0,0,0,0,1,1,1,0,1,0,1,1,0,1,0,0,1,0,1,1,0,0,0,0,0,1
CN,52.85.104.91,156137653.5,1.101E+29,0,0,1,1,0,1,0,0,0,1,0,1,0,1,0,1,0,1,1,0,1,0,0,0,0,1,0,1,1,0,1,1
CN,104.28.29.28,167704958.4,1.101E+30,0,1,1,0,1,0,0,0,0,0,0,1,1,1,0,0,0,0,0,1,1,1,0,1,0,0,0,1,1,1,0,0
CN,216.58.210.193,396705854.9,1.1011E+31,1,1,0,1,1,0,0,0,0,0,1,1,1,0,1,0,1,1,0,1,0,0,1,0,1,1,0,0,0,0,0,1
CN,151.101.16.84,111316974.4,1.00101E+31,1,0,0,1,0,1,1,1,0,1,1,0,0,1,0,1,0,0,0,1,0,0,0,0,0,1,0,1,0,1,0,0
IN,163.171.146.70,361979.1514,1.01E+31,1,0,1,0,0,0,1,1,1,0,1,0,1,0,1,1,1,0,0,1,0,0,1,0,0,1,0,0,0,1,1,0
IN,199.232.56.84,3176405.057,1.10001E+31,1,1,0,0,0,1,1,1,1,1,1,0,1,0,0,0,0,0,1,1,1,0,0,0,0,1,0,1,0,1,0,0
IN,172.67.70.66,11206925.79,1.01011E+31,1,0,1,0,1,1,0,0,0,1,0,0,0,0,1,1,0,1,0,0,0,1,1,0,0,1,0,0,0,0,1,0
IN,184.26.149.102,15082656.88,1.0111E+31,1,0,1,1,1,0,0,0,0,0,0,1,1,0,1,0,1,0,0,1,0,1,0,1,0,1,1,0,0,1,1,0
IN,104.18.89.95,10730743.59,1.101E+30,0,1,1,0,1,0,0,0,0,0,0,1,0,0,1,0,0,1,0,1,1,0,0,1,0,1,0,1,1,1,1,1
IN,104.16.121.145,17579045.76,1.101E+30,0,1,1,0,1,0,0,0,0,0,0,1,0,0,0,0,0,1,1,1,1,0,0,1,1,0,0,1,0,0,0,1
IN,184.26.149.102,40240519.74,1.0111E+31,1,0,1,1,1,0,0,0,0,0,0,1,1,0,1,0,1,0,0,1,0,1,0,1,0,1,1,0,0,1,1,0
IN,104.18.89.95,20271596.97,1.101E+30,0,1,1,0,1,0,0,0,0,0,0,1,0,0,1,0,0,1,0,1,1,0,0,1,0,1,0,1,1,1,1,1
IN,163.171.146.70,31641327.69,1.01E+31,1,0,1,0,0,0,1,1,1,0,1,0,1,0,1,1,1,0,0,1,0,0,1,0,0,1,0,0,0,1,1,0
IN,2.19.158.235,41451697.46,1.00001E+25,0,0,0,0,0,0,1,0,0,0,0,1,0,0,1,1,1,0,0,1,1,1,1,0,1,1,1,0,1,0,1,1
IN,104.123.91.33,125923102.5,1.101E+30,0,1,1,0,1,0,0,0,0,1,1,1,1,0,1,1,0,1,0,1,1,0,1,1,0,0,1,0,0,0,0,1
IN,2.19.148.11,48422915.48,1.00001E+25,0,0,0,0,0,0,1,0,0,0,0,1,0,0,1,1,1,0,0,1,0,1,0,0,0,0,0,0,1,0,1,1
IN,104.123.91.33,118317615.6,1.101E+30,0,1,1,0,1,0,0,0,0,1,1,1,1,0,1,1,0,1,0,1,1,0,1,1,0,0,1,0,0,0,0,1
IN,2.19.148.11,12871430.23,1.00001E+25,0,0,0,0,0,0,1,0,0,0,0,1,0,0,1,1,1,0,0,1,0,1,0,0,0,0,0,0,1,0,1,1
IN,2.19.148.11,54667418.25,1.00001E+25,0,0,0,0,0,0,1,0,0,0,0,1,0,0,1,1,1,0,0,1,0,1,0,0,0,0,0,0,1,0,1,1
IN,199.232.56.84,109334193.4,1.10001E+31,1,1,0,0,0,1,1,1,1,1,1,0,1,0,0,0,0,0,1,1,1,0,0,0,0,1,0,1,0,1,0,0
IN,199.232.56.84,64761700.12,1.10001E+31,1,1,0,0,0,1,1,1,1,1,1,0,1,0,0,0,0,0,1,1,1,0,0,0,0,1,0,1,0,1,0,0
IN,199.232.56.84,154640990.1,1.10001E+31,1,1,0,0,0,1,1,1,1,1,1,0,1,0,0,0,0,0,1,1,1,0,0,0,0,1,0,1,0,1,0,0
IN,199.232.57.73,115218701.7,1.10001E+31,1,1,0,0,0,1,1,1,1,1,1,0,1,0,0,0,0,0,1,1,1,0,0,1,0,1,0,0,1,0,0,1
IN,104.78.177.201,55784044.2,1.101E+30,0,1,1,0,1,0,0,0,0,1,0,0,1,1,1,0,1,0,1,1,0,0,0,1,1,1,0,0,1,0,0,1
JP,99.84.5.31,1254771.325,1.10001E+30,0,1,1,0,0,0,1,1,0,1,0,1,0,1,0,0,0,0,0,0,0,1,0,1,0,0,0,1,1,1,1,1
JP,172.67.195.34,3966618.234,1.01011E+31,1,0,1,0,1,1,0,0,0,1,0,0,0,0,1,1,1,1,0,0,0,0,1,1,0,0,1,0,0,0,1,0
JP,143.204.169.52,6252228.36,1.00011E+31,1,0,0,0,1,1,1,1,1,1,0,0,1,1,0,0,1,0,1,0,1,0,0,1,0,0,1,1,0,1,0,0
JP,205.185.216.42,8612932.855,1.10011E+31,1,1,0,0,1,1,0,1,1,0,1,1,1,0,0,1,1,1,0,1,1,0,0,0,0,0,1,0,1,0,1,0
JP,99.84.5.31,27076781.72,1.10001E+30,0,1,1,0,0,0,1,1,0,1,0,1,0,1,0,0,0,0,0,0,0,1,0,1,0,0,0,1,1,1,1,1
JP,192.0.66.144,47278276.21,1.1E+31,1,1,0,0,0,0,0,0,0,0,0,0,0,0,0,0,0,1,0,0,0,0,1,0,1,0,0,1,0,0,0,0
JP,143.204.169.14,26988302.1,1.00011E+31,1,0,0,0,1,1,1,1,1,1,0,0,1,1,0,0,1,0,1,0,1,0,0,1,0,0,0,0,1,1,1,0
JP,13.35.242.230,21024542.6,1.101E+27,0,0,0,0,1,1,0,1,0,0,1,0,0,0,1,1,1,1,1,1,0,0,1,0,1,1,1,0,0,1,1,0
JP,99.84.5.83,83637857.35,1.10001E+30,0,1,1,0,0,0,1,1,0,1,0,1,0,1,0,0,0,0,0,0,0,1,0,1,0,1,0,1,0,0,1,1
JP,99.84.5.5,64471397.36,1.10001E+30,0,1,1,0,0,0,1,1,0,1,0,1,0,1,0,0,0,0,0,0,0,1,0,1,0,0,0,0,0,1,0,1
KR,216.58.210.225,650134.4105,1.1011E+31,1,1,0,1,1,0,0,0,0,0,1,1,1,0,1,0,1,1,0,1,0,0,1,0,1,1,1,0,0,0,0,1
KR,216.58.210.225,1962138.282,1.1011E+31,1,1,0,1,1,0,0,0,0,0,1,1,1,0,1,0,1,1,0,1,0,0,1,0,1,1,1,0,0,0,0,1
KR,216.58.210.225,3050432.592,1.1011E+31,1,1,0,1,1,0,0,0,0,0,1,1,1,0,1,0,1,1,0,1,0,0,1,0,1,1,1,0,0,0,0,1
KR,199.232.56.84,6313218.51,1.10001E+31,1,1,0,0,0,1,1,1,1,1,1,0,1,0,0,0,0,0,1,1,1,0,0,0,0,1,0,1,0,1,0,0
KR,216.58.210.225,27550319.92,1.1011E+31,1,1,0,1,1,0,0,0,0,0,1,1,1,0,1,0,1,1,0,1,0,0,1,0,1,1,1,0,0,0,0,1
KR,192.0.72.27,13389393.99,1.1E+31,1,1,0,0,0,0,0,0,0,0,0,0,0,0,0,0,0,1,0,0,1,0,0,0,0,0,0,1,1,0,1,1
KR,199.232.56.84,26634794.74,1.10001E+31,1,1,0,0,0,1,1,1,1,1,1,0,1,0,0,0,0,0,1,1,1,0,0,0,0,1,0,1,0,1,0,0
KR,199.232.56.84,37475620.74,1.10001E+31,1,1,0,0,0,1,1,1,1,1,1,0,1,0,0,0,0,0,1,1,1,0,0,0,0,1,0,1,0,1,0,0
KR,216.58.210.225,102090041.6,1.1011E+31,1,1,0,1,1,0,0,0,0,0,1,1,1,0,1,0,1,1,0,1,0,0,1,0,1,1,1,0,0,0,0,1
KR,199.232.56.84,39524579.81,1.10001E+31,1,1,0,0,0,1,1,1,1,1,1,0,1,0,0,0,0,0,1,1,1,0,0,0,0,1,0,1,0,1,0,0
TW,199.232.56.193,1500965.722,1.10001E+31,1,1,0,0,0,1,1,1,1,1,1,0,1,0,0,0,0,0,1,1,1,0,0,0,1,1,0,0,0,0,0,1
TW,216.58.210.225,3800684.471,1.1011E+31,1,1,0,1,1,0,0,0,0,0,1,1,1,0,1,0,1,1,0,1,0,0,1,0,1,1,1,0,0,0,0,1
TW,216.58.210.225,6351128.247,1.1011E+31,1,1,0,1,1,0,0,0,0,0,1,1,1,0,1,0,1,1,0,1,0,0,1,0,1,1,1,0,0,0,0,1
TW,104.18.38.105,6751385.08,1.101E+30,0,1,1,0,1,0,0,0,0,0,0,1,0,0,1,0,0,0,1,0,0,1,1,0,0,1,1,0,1,0,0,1
TW,52.28.154.235,14158392.53,1.101E+29,0,0,1,1,0,1,0,0,0,0,0,1,1,1,0,0,1,0,0,1,1,0,1,0,1,1,1,0,1,0,1,1
GB,5.28.62.66,4012361.575,1.01E+26,0,0,0,0,0,1,0,1,0,0,0,1,1,1,0,0,0,0,1,1,1,1,1,0,0,1,0,0,0,0,1,0
GB,77.104.153.230,14277082.64,1.0011E+30,0,1,0,0,1,1,0,1,0,1,1,0,1,0,0,0,1,0,0,1,1,0,0,1,1,1,1,0,0,1,1,0
GB,206.189.245.195,16203856.11,1.10011E+31,1,1,0,0,1,1,1,0,1,0,1,1,1,1,0,1,1,1,1,1,0,1,0,1,1,1,0,0,0,0,1,1
GB,104.28.22.51,43171073.94,1.101E+30,0,1,1,0,1,0,0,0,0,0,0,1,1,1,0,0,0,0,0,1,0,1,1,0,0,0,1,1,0,0,1,1
GB,104.22.24.223,29999323.11,1.101E+30,0,1,1,0,1,0,0,0,0,0,0,1,0,1,1,0,0,0,0,1,1,0,0,0,1,1,0,1,1,1,1,1
GB,151.101.16.155,28865855.76,1.00101E+31,1,0,0,1,0,1,1,1,0,1,1,0,0,1,0,1,0,0,0,1,0,0,0,0,1,0,0,1,1,0,1,1
GB,185.151.30.163,29026672.89,1.0111E+31,1,0,1,1,1,0,0,1,1,0,0,1,0,1,1,1,0,0,0,1,1,1,1,0,1,0,1,0,0,0,1,1
GB,151.101.16.155,45642551.2,1.00101E+31,1,0,0,1,0,1,1,1,0,1,1,0,0,1,0,1,0,0,0,1,0,0,0,0,1,0,0,1,1,0,1,1
GB,77.104.134.240,16250273.17,1.0011E+30,0,1,0,0,1,1,0,1,0,1,1,0,1,0,0,0,1,0,0,0,0,1,1,0,1,1,1,1,0,0,0,0
GB,151.139.128.11,39074459.29,1.00101E+31,1,0,0,1,0,1,1,1,1,0,0,0,1,0,1,1,1,0,0,0,0,0,0,0,0,0,0,0,1,0,1,1
GB,104.26.15.217,113599439,1.101E+30,0,1,1,0,1,0,0,0,0,0,0,1,1,0,1,0,0,0,0,0,1,1,1,1,1,1,0,1,1,0,0,1
GB,151.101.16.155,94543567.68,1.00101E+31,1,0,0,1,0,1,1,1,0,1,1,0,0,1,0,1,0,0,0,1,0,0,0,0,1,0,0,1,1,0,1,1
GB,18.130.85.247,117927338.1,1.00101E+28,0,0,0,1,0,0,1,0,1,0,0,0,0,0,1,0,0,1,0,1,0,1,0,1,1,1,1,1,0,1,1,1
GB,199.232.57.179,95373519.25,1.10001E+31,1,1,0,0,0,1,1,1,1,1,1,0,1,0,0,0,0,0,1,1,1,0,0,1,1,0,1,1,0,0,1,1
GB,185.17.180.77,114298699.4,1.0111E+31,1,0,1,1,1,0,0,1,0,0,0,1,0,0,0,1,1,0,1,1,0,1,0,0,0,1,0,0,1,1,0,1
GB,185.151.30.152,103001578.7,1.0111E+31,1,0,1,1,1,0,0,1,1,0,0,1,0,1,1,1,0,0,0,1,1,1,1,0,1,0,0,1,1,0,0,0
GB,151.101.17.132,93818051.32,1.00101E+31,1,0,0,1,0,1,1,1,0,1,1,0,0,1,0,1,0,0,0,1,0,0,0,1,1,0,0,0,0,1,0,0
GB,151.101.16.155,98232688.11,1.00101E+31,1,0,0,1,0,1,1,1,0,1,1,0,0,1,0,1,0,0,0,1,0,0,0,0,1,0,0,1,1,0,1,1
GB,104.27.143.148,160043185.2,1.101E+30,0,1,1,0,1,0,0,0,0,0,0,1,1,0,1,1,1,0,0,0,1,1,1,1,1,0,0,1,0,1,0,0
GB,13.35.242.3,187852965.3,1.101E+27,0,0,0,0,1,1,0,1,0,0,1,0,0,0,1,1,1,1,1,1,0,0,1,0,0,0,0,0,0,0,1,1
GB,35.197.204.225,308018806.2,1.00011E+29,0,0,1,0,0,0,1,1,1,1,0,0,0,1,0,1,1,1,0,0,1,1,0,0,1,1,1,0,0,0,0,1
GB,192.0.77.2,322558214.6,1.1E+31,1,1,0,0,0,0,0,0,0,0,0,0,0,0,0,0,0,1,0,0,1,1,0,1,0,0,0,0,0,0,1,0
GB,94.236.32.40,110680760.8,1.01111E+30,0,1,0,1,1,1,1,0,1,1,1,0,1,1,0,0,0,0,1,0,0,0,0,0,0,0,1,0,1,0,0,0
GB,2.20.36.54,187086892.8,1.00001E+25,0,0,0,0,0,0,1,0,0,0,0,1,0,1,0,0,0,0,1,0,0,1,0,0,0,0,1,1,0,1,1,0
GB,216.58.210.225,418097528.5,1.1011E+31,1,1,0,1,1,0,0,0,0,0,1,1,1,0,1,0,1,1,0,1,0,0,1,0,1,1,1,0,0,0,0,1
GB,185.151.30.133,83149539.46,1.0111E+31,1,0,1,1,1,0,0,1,1,0,0,1,0,1,1,1,0,0,0,1,1,1,1,0,1,0,0,0,0,1,0,1
GB,151.101.16.155,218134292.5,1.00101E+31,1,0,0,1,0,1,1,1,0,1,1,0,0,1,0,1,0,0,0,1,0,0,0,0,1,0,0,1,1,0,1,1
GB,212.111.42.46,592904842.9,1.10101E+31,1,1,0,1,0,1,0,0,0,1,1,0,1,1,1,1,0,0,1,0,1,0,1,0,0,0,1,0,1,1,1,0
GB,192.0.77.2,134030551.1,1.1E+31,1,1,0,0,0,0,0,0,0,0,0,0,0,0,0,0,0,1,0,0,1,1,0,1,0,0,0,0,0,0,1,0
GB,185.119.173.139,116351213.8,1.0111E+31,1,0,1,1,1,0,0,1,0,1,1,1,0,1,1,1,1,0,1,0,1,1,0,1,1,0,0,0,1,0,1,1
FR,104.123.92.130,5501248.438,1.101E+30,0,1,1,0,1,0,0,0,0,1,1,1,1,0,1,1,0,1,0,1,1,1,0,0,1,0,0,0,0,0,1,0
FR,104.27.154.161,28979922.24,1.101E+30,0,1,1,0,1,0,0,0,0,0,0,1,1,0,1,1,1,0,0,1,1,0,1,0,1,0,1,0,0,0,0,1
FR,23.43.76.242,26091552.74,1.0111E+28,0,0,0,1,0,1,1,1,0,0,1,0,1,0,1,1,0,1,0,0,1,1,0,0,1,1,1,1,0,0,1,0
FR,84.53.157.62,13013944.68,1.0101E+30,0,1,0,1,0,1,0,0,0,0,1,1,0,1,0,1,1,0,0,1,1,1,0,1,0,0,1,1,1,1,1,0
FR,185.26.124.68,27688142.74,1.0111E+31,1,0,1,1,1,0,0,1,0,0,0,1,1,0,1,0,0,1,1,1,1,1,0,0,0,1,0,0,0,1,0,0
FR,213.186.33.18,20674047.52,1.10101E+31,1,1,0,1,0,1,0,1,1,0,1,1,1,0,1,0,0,0,1,0,0,0,0,1,0,0,0,1,0,0,1,0
FR,213.186.33.18,38566741.75,1.10101E+31,1,1,0,1,0,1,0,1,1,0,1,1,1,0,1,0,0,0,1,0,0,0,0,1,0,0,0,1,0,0,1,0
FR,88.221.182.60,51963898.58,1.011E+30,0,1,0,1,1,0,0,0,1,1,0,1,1,1,0,1,1,0,1,1,0,1,1,0,0,0,1,1,1,1,0,0
FR,151.101.16.84,111356159.3,1.00101E+31,1,0,0,1,0,1,1,1,0,1,1,0,0,1,0,1,0,0,0,1,0,0,0,0,0,1,0,1,0,1,0,0
FR,216.58.210.225,158324516.8,1.1011E+31,1,1,0,1,1,0,0,0,0,0,1,1,1,0,1,0,1,1,0,1,0,0,1,0,1,1,1,0,0,0,0,1
FR,151.101.16.84,92093685.26,1.00101E+31,1,0,0,1,0,1,1,1,0,1,1,0,0,1,0,1,0,0,0,1,0,0,0,0,0,1,0,1,0,1,0,0
FR,87.106.183.104,39562032.06,1.01011E+30,0,1,0,1,0,1,1,1,0,1,1,0,1,0,1,0,1,0,1,1,0,1,1,1,0,1,1,0,1,0,0,0
FR,176.74.20.5,68261437.29,1.011E+31,1,0,1,1,0,0,0,0,0,1,0,0,1,0,1,0,0,0,0,1,0,1,0,0,0,0,0,0,0,1,0,1
FR,46.105.57.169,73714034.65,1.0111E+29,0,0,1,0,1,1,1,0,0,1,1,0,1,0,0,1,0,0,1,1,1,0,0,1,1,0,1,0,1,0,0,1
FR,23.43.76.242,117044119.6,1.0111E+28,0,0,0,1,0,1,1,1,0,0,1,0,1,0,1,1,0,1,0,0,1,1,0,0,1,1,1,1,0,0,1,0
FR,95.101.85.244,75948667.25,1.01111E+30,0,1,0,1,1,1,1,1,0,1,1,0,0,1,0,1,0,1,0,1,0,1,0,1,1,1,1,1,0,1,0,0
FR,104.123.95.132,177632355.8,1.101E+30,0,1,1,0,1,0,0,0,0,1,1,1,1,0,1,1,0,1,0,1,1,1,1,1,1,0,0,0,0,1,0,0
FR,104.72.153.136,98102841.6,1.101E+30,0,1,1,0,1,0,0,0,0,1,0,0,1,0,0,0,1,0,0,1,1,0,0,1,1,0,0,0,1,0,0,0
FR,184.87.183.77,313447.4104,1.0111E+31,1,0,1,1,1,0,0,0,0,1,0,1,0,1,1,1,1,0,1,1,0,1,1,1,0,1,0,0,1,1,0,1
FR,104.123.95.132,90293425.7,1.101E+30,0,1,1,0,1,0,0,0,0,1,1,1,1,0,1,1,0,1,0,1,1,1,1,1,1,0,0,0,0,1,0,0
IT,35.214.178.243,5199393.595,1.00011E+29,0,0,1,0,0,0,1,1,1,1,0,1,0,1,1,0,1,0,1,1,0,0,1,0,1,1,1,1,0,0,1,1
IT,46.16.95.130,8235105.424,1.0111E+29,0,0,1,0,1,1,1,0,0,0,0,1,0,0,0,0,0,1,0,1,1,1,1,1,1,0,0,0,0,0,1,0
IT,35.214.178.243,21391684.25,1.00011E+29,0,0,1,0,0,0,1,1,1,1,0,1,0,1,1,0,1,0,1,1,0,0,1,0,1,1,1,1,0,0,1,1
IT,185.81.4.134,13690886.69,1.0111E+31,1,0,1,1,1,0,0,1,0,1,0,1,0,0,0,1,0,0,0,0,0,1,0,0,1,0,0,0,0,1,1,0
IT,62.149.142.123,14621547.31,1.1111E+29,0,0,1,1,1,1,1,0,1,0,0,1,0,1,0,1,1,0,0,0,1,1,1,0,0,1,1,1,1,0,1,1
IT,178.32.140.171,35684781.57,1.011E+31,1,0,1,1,0,0,1,0,0,0,1,0,0,0,0,0,1,0,0,0,1,1,0,0,1,0,1,0,1,0,1,1
IT,178.32.140.171,30146365.39,1.011E+31,1,0,1,1,0,0,1,0,0,0,1,0,0,0,0,0,1,0,0,0,1,1,0,0,1,0,1,0,1,0,1,1
IT,185.81.4.26,25112685.02,1.0111E+31,1,0,1,1,1,0,0,1,0,1,0,1,0,0,0,1,0,0,0,0,0,1,0,0,0,0,0,1,1,0,1,0
IT,185.205.40.51,94409191.65,1.0111E+31,1,0,1,1,1,0,0,1,1,1,0,0,1,1,0,1,0,0,1,0,1,0,0,0,0,0,1,1,0,0,1,1
IT,185.146.254.132,30461934.64,1.0111E+31,1,0,1,1,1,0,0,1,1,0,0,1,0,0,1,0,1,1,1,1,1,1,1,0,1,0,0,0,0,1,0,0
IT,52.239.142.164,64156789.72,1.101E+29,0,0,1,1,0,1,0,0,1,1,1,0,1,1,1,1,1,0,0,0,1,1,1,0,1,0,1,0,0,1,0,0
IT,192.0.72.23,108177754.2,1.1E+31,1,1,0,0,0,0,0,0,0,0,0,0,0,0,0,0,0,1,0,0,1,0,0,0,0,0,0,1,0,1,1,1
IT,213.171.169.83,59703151.4,1.10101E+31,1,1,0,1,0,1,0,1,1,0,1,0,1,0,1,1,1,0,1,0,1,0,0,1,0,1,0,1,0,0,1,1
IT,94.23.64.17,75680262.83,1.01111E+30,0,1,0,1,1,1,1,0,0,0,0,1,0,1,1,1,0,1,0,0,0,0,0,0,0,0,0,1,0,0,0,1
IT,52.239.142.164,80933166.21,1.101E+29,0,0,1,1,0,1,0,0,1,1,1,0,1,1,1,1,1,0,0,0,1,1,1,0,1,0,1,0,0,1,0,0
IT,95.110.154.135,33703461.43,1.01111E+30,0,1,0,1,1,1,1,1,0,1,1,0,1,1,1,0,1,0,0,1,1,0,1,0,1,0,0,0,0,1,1,1
IT,104.31.84.114,119724884.4,1.101E+30,0,1,1,0,1,0,0,0,0,0,0,1,1,1,1,1,0,1,0,1,0,1,0,0,0,1,1,1,0,0,1,0
IT,46.16.95.130,67426531.12,1.0111E+29,0,0,1,0,1,1,1,0,0,0,0,1,0,0,0,0,0,1,0,1,1,1,1,1,1,0,0,0,0,0,1,0
IT,2.19.61.22,157716273.5,1.00001E+25,0,0,0,0,0,0,1,0,0,0,0,1,0,0,1,1,0,0,1,1,1,1,0,1,0,0,0,1,0,1,1,0
IT,2.19.61.22,173320704.6,1.00001E+25,0,0,0,0,0,0,1,0,0,0,0,1,0,0,1,1,0,0,1,1,1,1,0,1,0,0,0,1,0,1,1,0
IT,213.204.11.12,92363225.84,1.10101E+31,1,1,0,1,0,1,0,1,1,1,0,0,1,1,0,0,0,0,0,0,1,0,1,1,0,0,0,0,1,1,0,0
IT,192.0.72.20,145700272.7,1.1E+31,1,1,0,0,0,0,0,0,0,0,0,0,0,0,0,0,0,1,0,0,1,0,0,0,0,0,0,1,0,1,0,0
IT,213.204.11.12,97069878.02,1.10101E+31,1,1,0,1,0,1,0,1,1,1,0,0,1,1,0,0,0,0,0,0,1,0,1,1,0,0,0,0,1,1,0,0
IT,89.46.106.45,61844827.51,1.011E+30,0,1,0,1,1,0,0,1,0,0,1,0,1,1,1,0,0,1,1,0,1,0,1,0,0,0,1,0,1,1,0,1
IT,89.40.175.14,44998081.66,1.011E+30,0,1,0,1,1,0,0,1,0,0,1,0,1,0,0,0,1,0,1,0,1,1,1,1,0,0,0,0,1,1,1,0
IT,213.204.11.12,152593289.4,1.10101E+31,1,1,0,1,0,1,0,1,1,1,0,0,1,1,0,0,0,0,0,0,1,0,1,1,0,0,0,0,1,1,0,0
IT,2.19.61.22,273728387.1,1.00001E+25,0,0,0,0,0,0,1,0,0,0,0,1,0,0,1,1,0,0,1,1,1,1,0,1,0,0,0,1,0,1,1,0
IT,2.19.61.22,303956320,1.00001E+25,0,0,0,0,0,0,1,0,0,0,0,1,0,0,1,1,0,0,1,1,1,1,0,1,0,0,0,1,0,1,1,0
IT,216.58.210.225,568401698.3,1.1011E+31,1,1,0,1,1,0,0,0,0,0,1,1,1,0,1,0,1,1,0,1,0,0,1,0,1,1,1,0,0,0,0,1
IT,109.168.97.28,23396359.17,1.1011E+30,0,1,1,0,1,1,0,1,1,0,1,0,1,0,0,0,0,1,1,0,0,0,0,1,0,0,0,1,1,1,0,0
DE,216.58.210.225,427683.724,1.1011E+31,1,1,0,1,1,0,0,0,0,0,1,1,1,0,1,0,1,1,0,1,0,0,1,0,1,1,1,0,0,0,0,1
DE,194.9.89.229,4558190.462,1.1E+31,1,1,0,0,0,0,1,0,0,0,0,0,1,0,0,1,0,1,0,1,1,0,0,1,1,1,1,0,0,1,0,1
DE,217.160.0.130,9079871.59,1.1011E+31,1,1,0,1,1,0,0,1,1,0,1,0,0,0,0,0,0,0,0,0,0,0,0,0,1,0,0,0,0,0,1,0
DE,52.219.75.141,16933863.02,1.101E+29,0,0,1,1,0,1,0,0,1,1,0,1,1,0,1,1,0,1,0,0,1,0,1,1,1,0,0,0,1,1,0,1
DE,216.58.210.225,71408958.03,1.1011E+31,1,1,0,1,1,0,0,0,0,0,1,1,1,0,1,0,1,1,0,1,0,0,1,0,1,1,1,0,0,0,0,1
DE,216.58.210.225,59774436.3,1.1011E+31,1,1,0,1,1,0,0,0,0,0,1,1,1,0,1,0,1,1,0,1,0,0,1,0,1,1,1,0,0,0,0,1
DE,160.153.133.210,20391844.3,1.01E+31,1,0,1,0,0,0,0,0,1,0,0,1,1,0,0,1,1,0,0,0,0,1,0,1,1,1,0,1,0,0,1,0
DE,52.219.75.141,25604091.39,1.101E+29,0,0,1,1,0,1,0,0,1,1,0,1,1,0,1,1,0,1,0,0,1,0,1,1,1,0,0,0,1,1,0,1
DE,217.160.0.137,16151382.23,1.1011E+31,1,1,0,1,1,0,0,1,1,0,1,0,0,0,0,0,0,0,0,0,0,0,0,0,1,0,0,0,1,0,0,1
DE,13.35.193.126,56647571.21,1.101E+27,0,0,0,0,1,1,0,1,0,0,1,0,0,0,1,1,1,1,0,0,0,0,0,1,0,1,1,1,1,1,1,0
DE,216.58.210.225,186695979.4,1.1011E+31,1,1,0,1,1,0,0,0,0,0,1,1,1,0,1,0,1,1,0,1,0,0,1,0,1,1,1,0,0,0,0,1
DE,192.0.77.2,107052378.4,1.1E+31,1,1,0,0,0,0,0,0,0,0,0,0,0,0,0,0,0,1,0,0,1,1,0,1,0,0,0,0,0,0,1,0
DE,216.58.210.225,206677478.9,1.1011E+31,1,1,0,1,1,0,0,0,0,0,1,1,1,0,1,0,1,1,0,1,0,0,1,0,1,1,1,0,0,0,0,1
DE,216.58.210.225,173132290.2,1.1011E+31,1,1,0,1,1,0,0,0,0,0,1,1,1,0,1,0,1,1,0,1,0,0,1,0,1,1,1,0,0,0,0,1
DE,217.160.0.102,64450514.46,1.1011E+31,1,1,0,1,1,0,0,1,1,0,1,0,0,0,0,0,0,0,0,0,0,0,0,0,0,1,1,0,0,1,1,0
DE,217.160.0.232,102677728.8,1.1011E+31,1,1,0,1,1,0,0,1,1,0,1,0,0,0,0,0,0,0,0,0,0,0,0,0,1,1,1,0,1,0,0,0
DE,18.195.16.240,47067954.62,1.00101E+28,0,0,0,1,0,0,1,0,1,1,0,0,0,0,1,1,0,0,0,1,0,0,0,0,1,1,1,1,0,0,0,0
DE,217.160.0.108,60817341.74,1.1011E+31,1,1,0,1,1,0,0,1,1,0,1,0,0,0,0,0,0,0,0,0,0,0,0,0,0,1,1,0,1,1,0,0
DE,2.19.61.22,192155859.5,1.00001E+25,0,0,0,0,0,0,1,0,0,0,0,1,0,0,1,1,0,0,1,1,1,1,0,1,0,0,0,1,0,1,1,0
DE,216.58.210.225,292104235.3,1.1011E+31,1,1,0,1,1,0,0,0,0,0,1,1,1,0,1,0,1,1,0,1,0,0,1,0,1,1,1,0,0,0,0,1
RU,89.22.185.78,1309926.78,1.011E+30,0,1,0,1,1,0,0,1,0,0,0,1,0,1,1,0,1,0,1,1,1,0,0,1,0,1,0,0,1,1,1,0
RU,2.19.61.22,11501320.68,1.00001E+25,0,0,0,0,0,0,1,0,0,0,0,1,0,0,1,1,0,0,1,1,1,1,0,1,0,0,0,1,0,1,1,0
RU,192.0.72.26,12482397.93,1.1E+31,1,1,0,0,0,0,0,0,0,0,0,0,0,0,0,0,0,1,0,0,1,0,0,0,0,0,0,1,1,0,1,0
RU,54.36.162.240,48948492.21,1.1011E+29,0,0,1,1,0,1,1,0,0,0,1,0,0,1,0,0,1,0,1,0,0,0,1,0,1,1,1,1,0,0,0,0
RU,109.201.156.48,18011634.4,1.1011E+30,0,1,1,0,1,1,0,1,1,1,0,0,1,0,0,1,1,0,0,1,1,1,0,0,0,0,1,1,0,0,0,0
RU,2.19.61.22,9760326.328,1.00001E+25,0,0,0,0,0,0,1,0,0,0,0,1,0,0,1,1,0,0,1,1,1,1,0,1,0,0,0,1,0,1,1,0
RU,192.0.72.26,12864797.54,1.1E+31,1,1,0,0,0,0,0,0,0,0,0,0,0,0,0,0,0,1,0,0,1,0,0,0,0,0,0,1,1,0,1,0
RU,188.241.58.236,19759611.84,1.01111E+31,1,0,1,1,1,1,0,0,1,1,1,1,0,0,0,1,0,0,1,1,1,0,1,0,1,1,1,0,1,1,0,0
RU,216.58.210.225,28809629.78,1.1011E+31,1,1,0,1,1,0,0,0,0,0,1,1,1,0,1,0,1,1,0,1,0,0,1,0,1,1,1,0,0,0,0,1
RU,216.58.210.225,146272857.9,1.1011E+31,1,1,0,1,1,0,0,0,0,0,1,1,1,0,1,0,1,1,0,1,0,0,1,0,1,1,1,0,0,0,0,1
RU,185.92.73.48,70434988.22,1.0111E+31,1,0,1,1,1,0,0,1,0,1,0,1,1,1,0,0,0,1,0,0,1,0,0,1,0,0,1,1,0,0,0,0
RU,104.18.51.2,67034885.41,1.101E+30,0,1,1,0,1,0,0,0,0,0,0,1,0,0,1,0,0,0,1,1,0,0,1,1,0,0,0,0,0,0,1,0
RU,104.26.9.109,103503606.2,1.101E+30,0,1,1,0,1,0,0,0,0,0,0,1,1,0,1,0,0,0,0,0,1,0,0,1,0,1,1,0,1,1,0,1
RU,216.58.210.225,142141382.6,1.1011E+31,1,1,0,1,1,0,0,0,0,0,1,1,1,0,1,0,1,1,0,1,0,0,1,0,1,1,1,0,0,0,0,1
RU,104.26.13.177,102531985.8,1.101E+30,0,1,1,0,1,0,0,0,0,0,0,1,1,0,1,0,0,0,0,0,1,1,0,1,1,0,1,1,0,0,0,1
RU,216.58.206.144,55337948.71,1.1011E+31,1,1,0,1,1,0,0,0,0,0,1,1,1,0,1,0,1,1,0,0,1,1,1,0,1,0,0,1,0,0,0,0
RU,2.19.61.22,57370905.96,1.00001E+25,0,0,0,0,0,0,1,0,0,0,0,1,0,0,1,1,0,0,1,1,1,1,0,1,0,0,0,1,0,1,1,0
RU,2.19.61.22,90588976.25,1.00001E+25,0,0,0,0,0,0,1,0,0,0,0,1,0,0,1,1,0,0,1,1,1,1,0,1,0,0,0,1,0,1,1,0
RU,2.19.61.22,70769103.95,1.00001E+25,0,0,0,0,0,0,1,0,0,0,0,1,0,0,1,1,0,0,1,1,1,1,0,1,0,0,0,1,0,1,1,0
RU,216.58.210.225,227582811.8,1.1011E+31,1,1,0,1,1,0,0,0,0,0,1,1,1,0,1,0,1,1,0,1,0,0,1,0,1,1,1,0,0,0,0,1
NG,213.36.253.206,682422.224,1.10101E+31,1,1,0,1,0,1,0,1,0,0,1,0,0,1,0,0,1,1,1,1,1,1,0,1,1,1,0,0,1,1,1,0
NG,35.186.215.69,7219493.209,1.00011E+29,0,0,1,0,0,0,1,1,1,0,1,1,1,0,1,0,1,1,0,1,0,1,1,1,0,1,0,0,0,1,0,1
NG,192.0.77.2,7969822.927,1.1E+31,1,1,0,0,0,0,0,0,0,0,0,0,0,0,0,0,0,1,0,0,1,1,0,1,0,0,0,0,0,0,1,0
NG,104.27.177.184,16807934.91,1.101E+30,0,1,1,0,1,0,0,0,0,0,0,1,1,0,1,1,1,0,1,1,0,0,0,1,1,0,1,1,1,0,0,0
NG,96.16.108.144,20705950.94,1.1E+30,0,1,1,0,0,0,0,0,0,0,0,1,0,0,0,0,0,1,1,0,1,1,0,0,1,0,0,1,0,0,0,0
NG,184.26.148.171,33721016.45,1.0111E+31,1,0,1,1,1,0,0,0,0,0,0,1,1,0,1,0,1,0,0,1,0,1,0,0,1,0,1,0,1,0,1,1
NG,104.27.132.100,58007918.59,1.101E+30,0,1,1,0,1,0,0,0,0,0,0,1,1,0,1,1,1,0,0,0,0,1,0,0,0,1,1,0,0,1,0,0
NG,192.3.137.194,12934678.93,1.1E+31,1,1,0,0,0,0,0,0,0,0,0,0,0,0,1,1,1,0,0,0,1,0,0,1,1,1,0,0,0,0,1,0
NG,216.58.210.225,119332086.5,1.1011E+31,1,1,0,1,1,0,0,0,0,0,1,1,1,0,1,0,1,1,0,1,0,0,1,0,1,1,1,0,0,0,0,1
NG,192.0.77.2,71237833.15,1.1E+31,1,1,0,0,0,0,0,0,0,0,0,0,0,0,0,0,0,1,0,0,1,1,0,1,0,0,0,0,0,0,1,0
NG,104.18.168.96,47875191.77,1.101E+30,0,1,1,0,1,0,0,0,0,0,0,1,0,0,1,0,1,0,1,0,1,0,0,0,0,1,1,0,0,0,0,0
NG,104.24.127.165,23658434.66,1.101E+30,0,1,1,0,1,0,0,0,0,0,0,1,1,0,0,0,0,1,1,1,1,1,1,1,1,0,1,0,0,1,0,1
NG,152.199.21.118,96747415.13,1.0011E+31,1,0,0,1,1,0,0,0,1,1,0,0,0,1,1,1,0,0,0,1,0,1,0,1,0,1,1,1,0,1,1,0
NG,192.0.77.2,138221421.9,1.1E+31,1,1,0,0,0,0,0,0,0,0,0,0,0,0,0,0,0,1,0,0,1,1,0,1,0,0,0,0,0,0,1,0
NG,104.16.117.145,80624206.64,1.101E+30,0,1,1,0,1,0,0,0,0,0,0,1,0,0,0,0,0,1,1,1,0,1,0,1,1,0,0,1,0,0,0,1
NG,192.0.72.24,81310542.76,1.1E+31,1,1,0,0,0,0,0,0,0,0,0,0,0,0,0,0,0,1,0,0,1,0,0,0,0,0,0,1,1,0,0,0
NG,216.58.210.225,284467239.2,1.1011E+31,1,1,0,1,1,0,0,0,0,0,1,1,1,0,1,0,1,1,0,1,0,0,1,0,1,1,1,0,0,0,0,1
NG,192.0.77.2,122625209.7,1.1E+31,1,1,0,0,0,0,0,0,0,0,0,0,0,0,0,0,0,1,0,0,1,1,0,1,0,0,0,0,0,0,1,0
NG,52.218.41.114,75270832.62,1.101E+29,0,0,1,1,0,1,0,0,1,1,0,1,1,0,1,0,0,0,1,0,1,0,0,1,0,1,1,1,0,0,1,0
NG,152.199.21.118,91803455.1,1.0011E+31,1,0,0,1,1,0,0,0,1,1,0,0,0,1,1,1,0,0,0,1,0,1,0,1,0,1,1,1,0,1,1,0
NG,213.180.141.132,62039252.3,1.10101E+31,1,1,0,1,0,1,0,1,1,0,1,1,0,1,0,0,1,0,0,0,1,1,0,1,1,0,0,0,0,1,0,0
NG,184.26.148.171,88463913.13,1.0111E+31,1,0,1,1,1,0,0,0,0,0,0,1,1,0,1,0,1,0,0,1,0,1,0,0,1,0,1,0,1,0,1,1
NG,152.199.21.118,102204545,1.0011E+31,1,0,0,1,1,0,0,0,1,1,0,0,0,1,1,1,0,0,0,1,0,1,0,1,0,1,1,1,0,1,1,0
NG,192.0.77.2,109496050.6,1.1E+31,1,1,0,0,0,0,0,0,0,0,0,0,0,0,0,0,0,1,0,0,1,1,0,1,0,0,0,0,0,0,1,0
NG,172.67.200.199,145175043.8,1.01011E+31,1,0,1,0,1,1,0,0,0,1,0,0,0,0,1,1,1,1,0,0,1,0,0,0,1,1,0,0,0,1,1,1
NG,172.67.200.199,142267839.1,1.01011E+31,1,0,1,0,1,1,0,0,0,1,0,0,0,0,1,1,1,1,0,0,1,0,0,0,1,1,0,0,0,1,1,1
NG,213.180.141.132,101658963.3,1.10101E+31,1,1,0,1,0,1,0,1,1,0,1,1,0,1,0,0,1,0,0,0,1,1,0,1,1,0,0,0,0,1,0,0
NG,213.180.141.132,83534641.34,1.10101E+31,1,1,0,1,0,1,0,1,1,0,1,1,0,1,0,0,1,0,0,0,1,1,0,1,1,0,0,0,0,1,0,0
NG,68.66.248.41,114254146.4,1.0001E+30,0,1,0,0,0,1,0,0,0,1,0,0,0,0,1,0,1,1,1,1,1,0,0,0,0,0,1,0,1,0,0,1
NG,172.67.159.244,171128255.4,1.01011E+31,1,0,1,0,1,1,0,0,0,1,0,0,0,0,1,1,1,0,0,1,1,1,1,1,1,1,1,1,0,1,0,0
EG,216.58.210.193,264408.0034,1.1011E+31,1,1,0,1,1,0,0,0,0,0,1,1,1,0,1,0,1,1,0,1,0,0,1,0,1,1,0,0,0,0,0,1
EG,216.58.210.193,1026329.101,1.1011E+31,1,1,0,1,1,0,0,0,0,0,1,1,1,0,1,0,1,1,0,1,0,0,1,0,1,1,0,0,0,0,0,1
EG,13.35.193.13,6036093.834,1.101E+27,0,0,0,0,1,1,0,1,0,0,1,0,0,0,1,1,1,1,0,0,0,0,0,1,0,0,0,0,1,1,0,1
EG,216.58.210.193,19291144.56,1.1011E+31,1,1,0,1,1,0,0,0,0,0,1,1,1,0,1,0,1,1,0,1,0,0,1,0,1,1,0,0,0,0,0,1
EG,172.67.129.123,20217734.09,1.01011E+31,1,0,1,0,1,1,0,0,0,1,0,0,0,0,1,1,1,0,0,0,0,0,0,1,0,1,1,1,1,0,1,1
EG,172.67.147.23,10493514.91,1.01011E+31,1,0,1,0,1,1,0,0,0,1,0,0,0,0,1,1,1,0,0,1,0,0,1,1,0,0,0,1,0,1,1,1
EG,216.58.210.193,45239997.66,1.1011E+31,1,1,0,1,1,0,0,0,0,0,1,1,1,0,1,0,1,1,0,1,0,0,1,0,1,1,0,0,0,0,0,1
EG,172.67.147.23,31718308.53,1.01011E+31,1,0,1,0,1,1,0,0,0,1,0,0,0,0,1,1,1,0,0,1,0,0,1,1,0,0,0,1,0,1,1,1
EG,172.67.70.107,19796146.74,1.01011E+31,1,0,1,0,1,1,0,0,0,1,0,0,0,0,1,1,0,1,0,0,0,1,1,0,0,1,1,0,1,0,1,1
EG,216.58.210.193,67757310.56,1.1011E+31,1,1,0,1,1,0,0,0,0,0,1,1,1,0,1,0,1,1,0,1,0,0,1,0,1,1,0,0,0,0,0,1
EG,172.67.140.193,32380847.41,1.01011E+31,1,0,1,0,1,1,0,0,0,1,0,0,0,0,1,1,1,0,0,0,1,1,0,0,1,1,0,0,0,0,0,1
EG,13.35.193.13,26314346.26,1.101E+27,0,0,0,0,1,1,0,1,0,0,1,0,0,0,1,1,1,1,0,0,0,0,0,1,0,0,0,0,1,1,0,1
EG,152.199.21.118,22571368.53,1.0011E+31,1,0,0,1,1,0,0,0,1,1,0,0,0,1,1,1,0,0,0,1,0,1,0,1,0,1,1,1,0,1,1,0
EG,152.199.21.118,27176529.16,1.0011E+31,1,0,0,1,1,0,0,0,1,1,0,0,0,1,1,1,0,0,0,1,0,1,0,1,0,1,1,1,0,1,1,0
EG,172.67.129.123,61926149.72,1.01011E+31,1,0,1,0,1,1,0,0,0,1,0,0,0,0,1,1,1,0,0,0,0,0,0,1,0,1,1,1,1,0,1,1
EG,151.80.59.204,62099302.42,1.00101E+31,1,0,0,1,0,1,1,1,0,1,0,1,0,0,0,0,0,0,1,1,1,0,1,1,1,1,0,0,1,1,0,0
EG,216.58.210.193,147070167.5,1.1011E+31,1,1,0,1,1,0,0,0,0,0,1,1,1,0,1,0,1,1,0,1,0,0,1,0,1,1,0,0,0,0,0,1
EG,139.59.137.193,61420012.78,1.0001E+31,1,0,0,0,1,0,1,1,0,0,1,1,1,0,1,1,1,0,0,0,1,0,0,1,1,1,0,0,0,0,0,1
EG,104.26.6.86,39043906.37,1.101E+30,0,1,1,0,1,0,0,0,0,0,0,1,1,0,1,0,0,0,0,0,0,1,1,0,0,1,0,1,0,1,1,0
EG,52.218.102.99,32143393.18,1.101E+29,0,0,1,1,0,1,0,0,1,1,0,1,1,0,1,0,0,1,1,0,0,1,1,0,0,1,1,0,0,0,1,1
ET,199.232.58.208,2164800.442,1.10001E+31,1,1,0,0,0,1,1,1,1,1,1,0,1,0,0,0,0,0,1,1,1,0,1,0,1,1,0,1,0,0,0,0
ET,184.28.198.115,13819449.97,1.0111E+31,1,0,1,1,1,0,0,0,0,0,0,1,1,1,0,0,1,1,0,0,0,1,1,0,0,1,1,1,0,0,1,1
ET,185.160.167.80,15075477.75,1.0111E+31,1,0,1,1,1,0,0,1,1,0,1,0,0,0,0,0,1,0,1,0,0,1,1,1,0,1,0,1,0,0,0,0
ET,216.58.210.193,76288261.81,1.1011E+31,1,1,0,1,1,0,0,0,0,0,1,1,1,0,1,0,1,1,0,1,0,0,1,0,1,1,0,0,0,0,0,1
ET,77.72.0.70,17765932.67,1.0011E+30,0,1,0,0,1,1,0,1,0,1,0,0,1,0,0,0,0,0,0,0,0,0,0,0,0,1,0,0,0,1,1,0
ET,184.28.198.115,29315541.1,1.0111E+31,1,0,1,1,1,0,0,0,0,0,0,1,1,1,0,0,1,1,0,0,0,1,1,0,0,1,1,1,0,0,1,1
ET,31.7.3.41,43894633.62,1.1111E+28,0,0,0,1,1,1,1,1,0,0,0,0,0,1,1,1,0,0,0,0,0,0,1,1,0,0,1,0,1,0,0,1
ET,151.101.16.193,65352637.65,1.00101E+31,1,0,0,1,0,1,1,1,0,1,1,0,0,1,0,1,0,0,0,1,0,0,0,0,1,1,0,0,0,0,0,1
ET,77.72.0.70,31844064.25,1.0011E+30,0,1,0,0,1,1,0,1,0,1,0,0,1,0,0,0,0,0,0,0,0,0,0,0,0,1,0,0,0,1,1,0
ET,199.232.58.208,10830707.14,1.10001E+31,1,1,0,0,0,1,1,1,1,1,1,0,1,0,0,0,0,0,1,1,1,0,1,0,1,1,0,1,0,0,0,0
ET,216.58.210.193,250127399.4,1.1011E+31,1,1,0,1,1,0,0,0,0,0,1,1,1,0,1,0,1,1,0,1,0,0,1,0,1,1,0,0,0,0,0,1
ET,192.0.72.19,51300311.31,1.1E+31,1,1,0,0,0,0,0,0,0,0,0,0,0,0,0,0,0,1,0,0,1,0,0,0,0,0,0,1,0,0,1,1
ET,104.78.177.219,98865188.92,1.101E+30,0,1,1,0,1,0,0,0,0,1,0,0,1,1,1,0,1,0,1,1,0,0,0,1,1,1,0,1,1,0,1,1
ET,185.160.167.80,48625329.11,1.0111E+31,1,0,1,1,1,0,0,1,1,0,1,0,0,0,0,0,1,0,1,0,0,1,1,1,0,1,0,1,0,0,0,0
ET,185.160.167.80,45166446.3,1.0111E+31,1,0,1,1,1,0,0,1,1,0,1,0,0,0,0,0,1,0,1,0,0,1,1,1,0,1,0,1,0,0,0,0
ET,104.26.5.110,65554775.53,1.101E+30,0,1,1,0,1,0,0,0,0,0,0,1,1,0,1,0,0,0,0,0,0,1,0,1,0,1,1,0,1,1,1,0
ET,104.123.95.111,80477421.78,1.101E+30,0,1,1,0,1,0,0,0,0,1,1,1,1,0,1,1,0,1,0,1,1,1,1,1,0,1,1,0,1,1,1,1
ET,2.19.149.102,11851441.26,1.00001E+25,0,0,0,0,0,0,1,0,0,0,0,1,0,0,1,1,1,0,0,1,0,1,0,1,0,1,1,0,0,1,1,0
ET,13.35.193.77,34500584.29,1.101E+27,0,0,0,0,1,1,0,1,0,0,1,0,0,0,1,1,1,1,0,0,0,0,0,1,0,1,0,0,1,1,0,1
ET,172.104.224.52,184874337.5,1.01011E+31,1,0,1,0,1,1,0,0,0,1,1,0,1,0,0,0,1,1,1,0,0,0,0,0,0,0,1,1,0,1,0,0
TZ,51.91.31.37,4422085.513,1.10011E+29,0,0,1,1,0,0,1,1,0,1,0,1,1,0,1,1,0,0,0,1,1,1,1,1,0,0,1,0,0,1,0,1
TZ,2.20.37.42,24709306.17,1.00001E+25,0,0,0,0,0,0,1,0,0,0,0,1,0,1,0,0,0,0,1,0,0,1,0,1,0,0,1,0,1,0,1,0
TZ,173.249.42.35,9765546.002,1.01011E+31,1,0,1,0,1,1,0,1,1,1,1,1,1,0,0,1,0,0,1,0,1,0,1,0,0,0,1,0,0,0,1,1
TZ,96.16.108.144,15896645.96,1.1E+30,0,1,1,0,0,0,0,0,0,0,0,1,0,0,0,0,0,1,1,0,1,1,0,0,1,0,0,1,0,0,0,0
TZ,152.199.21.118,5687819.541,1.0011E+31,1,0,0,1,1,0,0,0,1,1,0,0,0,1,1,1,0,0,0,1,0,1,0,1,0,1,1,1,0,1,1,0
TZ,152.199.21.118,21739191.08,1.0011E+31,1,0,0,1,1,0,0,0,1,1,0,0,0,1,1,1,0,0,0,1,0,1,0,1,0,1,1,1,0,1,1,0
TZ,13.35.193.100,28317484.26,1.101E+27,0,0,0,0,1,1,0,1,0,0,1,0,0,0,1,1,1,1,0,0,0,0,0,1,0,1,1,0,0,1,0,0
TZ,104.18.20.225,116288392.3,1.101E+30,0,1,1,0,1,0,0,0,0,0,0,1,0,0,1,0,0,0,0,1,0,1,0,0,1,1,1,0,0,0,0,1
TZ,18.217.44.148,13516247.05,1.00101E+28,0,0,0,1,0,0,1,0,1,1,0,1,1,0,0,1,0,0,1,0,1,1,0,0,1,0,0,1,0,1,0,0
TZ,152.199.21.118,33516800.11,1.0011E+31,1,0,0,1,1,0,0,0,1,1,0,0,0,1,1,1,0,0,0,1,0,1,0,1,0,1,1,1,0,1,1,0
TZ,2.19.61.22,43878493.96,1.00001E+25,0,0,0,0,0,0,1,0,0,0,0,1,0,0,1,1,0,0,1,1,1,1,0,1,0,0,0,1,0,1,1,0
TZ,185.244.193.2,100063935.9,1.0111E+31,1,0,1,1,1,0,0,1,1,1,1,1,0,1,0,0,1,1,0,0,0,0,0,1,0,0,0,0,0,0,1,0
TZ,104.17.143.55,61623964.05,1.101E+30,0,1,1,0,1,0,0,0,0,0,0,1,0,0,0,1,1,0,0,0,1,1,1,1,0,0,1,1,0,1,1,1
TZ,104.18.20.225,279178274.2,1.101E+30,0,1,1,0,1,0,0,0,0,0,0,1,0,0,1,0,0,0,0,1,0,1,0,0,1,1,1,0,0,0,0,1
TZ,172.67.193.160,132969960.9,1.01011E+31,1,0,1,0,1,1,0,0,0,1,0,0,0,0,1,1,1,1,0,0,0,0,0,1,1,0,1,0,0,0,0,0
TZ,96.16.108.144,130788065.3,1.1E+30,0,1,1,0,0,0,0,0,0,0,0,1,0,0,0,0,0,1,1,0,1,1,0,0,1,0,0,1,0,0,0,0
TZ,152.199.21.118,43363086.98,1.0011E+31,1,0,0,1,1,0,0,0,1,1,0,0,0,1,1,1,0,0,0,1,0,1,0,1,0,1,1,1,0,1,1,0
TZ,151.101.18.49,77900608.53,1.00101E+31,1,0,0,1,0,1,1,1,0,1,1,0,0,1,0,1,0,0,0,1,0,0,1,0,0,0,1,1,0,0,0,1
TZ,185.160.167.80,104177385.5,1.0111E+31,1,0,1,1,1,0,0,1,1,0,1,0,0,0,0,0,1,0,1,0,0,1,1,1,0,1,0,1,0,0,0,0
TZ,185.160.167.80,72915278.9,1.0111E+31,1,0,1,1,1,0,0,1,1,0,1,0,0,0,0,0,1,0,1,0,0,1,1,1,0,1,0,1,0,0,0,0
ZA,94.23.121.235,1862216.335,1.01111E+30,0,1,0,1,1,1,1,0,0,0,0,1,0,1,1,1,0,1,1,1,1,0,0,1,1,1,1,0,1,0,1,1
ZA,151.101.16.238,6965633.364,1.00101E+31,1,0,0,1,0,1,1,1,0,1,1,0,0,1,0,1,0,0,0,1,0,0,0,0,1,1,1,0,1,1,1,0
ZA,151.101.16.238,12521225.99,1.00101E+31,1,0,0,1,0,1,1,1,0,1,1,0,0,1,0,1,0,0,0,1,0,0,0,0,1,1,1,0,1,1,1,0
ZA,2.19.61.22,13299780.52,1.00001E+25,0,0,0,0,0,0,1,0,0,0,0,1,0,0,1,1,0,0,1,1,1,1,0,1,0,0,0,1,0,1,1,0
ZA,151.101.16.238,20904077.8,1.00101E+31,1,0,0,1,0,1,1,1,0,1,1,0,0,1,0,1,0,0,0,1,0,0,0,0,1,1,1,0,1,1,1,0
ZA,184.26.149.102,28014103.39,1.0111E+31,1,0,1,1,1,0,0,0,0,0,0,1,1,0,1,0,1,0,0,1,0,1,0,1,0,1,1,0,0,1,1,0
ZA,2.19.61.22,48041553.14,1.00001E+25,0,0,0,0,0,0,1,0,0,0,0,1,0,0,1,1,0,0,1,1,1,1,0,1,0,0,0,1,0,1,1,0
ZA,192.0.77.2,12930816.63,1.1E+31,1,1,0,0,0,0,0,0,0,0,0,0,0,0,0,0,0,1,0,0,1,1,0,1,0,0,0,0,0,0,1,0
ZA,151.101.16.238,61456796.73,1.00101E+31,1,0,0,1,0,1,1,1,0,1,1,0,0,1,0,1,0,0,0,1,0,0,0,0,1,1,1,0,1,1,1,0
ZA,188.40.2.228,28257444.99,1.01111E+31,1,0,1,1,1,1,0,0,0,0,1,0,1,0,0,0,0,0,0,0,0,0,1,0,1,1,1,0,0,1,0,0
ZA,172.67.70.110,180068879.4,1.01011E+31,1,0,1,0,1,1,0,0,0,1,0,0,0,0,1,1,0,1,0,0,0,1,1,0,0,1,1,0,1,1,1,0
ZA,2.19.61.22,84744615.94,1.00001E+25,0,0,0,0,0,0,1,0,0,0,0,1,0,0,1,1,0,0,1,1,1,1,0,1,0,0,0,1,0,1,1,0
ZA,216.58.210.193,175905983.6,1.1011E+31,1,1,0,1,1,0,0,0,0,0,1,1,1,0,1,0,1,1,0,1,0,0,1,0,1,1,0,0,0,0,0,1
ZA,184.26.149.102,65622003.44,1.0111E+31,1,0,1,1,1,0,0,0,0,0,0,1,1,0,1,0,1,0,0,1,0,1,0,1,0,1,1,0,0,1,1,0
ZA,104.31.84.177,47865881.65,1.101E+30,0,1,1,0,1,0,0,0,0,0,0,1,1,1,1,1,0,1,0,1,0,1,0,0,1,0,1,1,0,0,0,1
ZA,104.22.6.96,33660924.47,1.101E+30,0,1,1,0,1,0,0,0,0,0,0,1,0,1,1,0,0,0,0,0,0,1,1,0,0,1,1,0,0,0,0,0
ZA,143.204.169.127,47445063.2,1.00011E+31,1,0,0,0,1,1,1,1,1,1,0,0,1,1,0,0,1,0,1,0,1,0,0,1,0,1,1,1,1,1,1,1
ZA,2.19.61.22,146306730.3,1.00001E+25,0,0,0,0,0,0,1,0,0,0,0,1,0,0,1,1,0,0,1,1,1,1,0,1,0,0,0,1,0,1,1,0
ZA,2.19.61.22,175569066.3,1.00001E+25,0,0,0,0,0,0,1,0,0,0,0,1,0,0,1,1,0,0,1,1,1,1,0,1,0,0,0,1,0,1,1,0
ZA,143.204.169.127,95616429.37,1.00011E+31,1,0,0,0,1,1,1,1,1,1,0,0,1,1,0,0,1,0,1,0,1,0,0,1,0,1,1,1,1,1,1,1
NZ,192.0.72.16,2920696.087,1.1E+31,1,1,0,0,0,0,0,0,0,0,0,0,0,0,0,0,0,1,0,0,1,0,0,0,0,0,0,1,0,0,0,0
NZ,192.0.77.2,1449071.116,1.1E+31,1,1,0,0,0,0,0,0,0,0,0,0,0,0,0,0,0,1,0,0,1,1,0,1,0,0,0,0,0,0,1,0
NZ,143.204.169.47,10720276.42,1.00011E+31,1,0,0,0,1,1,1,1,1,1,0,0,1,1,0,0,1,0,1,0,1,0,0,1,0,0,1,0,1,1,1,1
NZ,192.0.72.21,31454089.53,1.1E+31,1,1,0,0,0,0,0,0,0,0,0,0,0,0,0,0,0,1,0,0,1,0,0,0,0,0,0,1,0,1,0,1
NZ,151.101.16.84,32900431.87,1.00101E+31,1,0,0,1,0,1,1,1,0,1,1,0,0,1,0,1,0,0,0,1,0,0,0,0,0,1,0,1,0,1,0,0
NZ,151.101.16.84,37912050.82,1.00101E+31,1,0,0,1,0,1,1,1,0,1,1,0,0,1,0,1,0,0,0,1,0,0,0,0,0,1,0,1,0,1,0,0
NZ,143.204.169.47,20138104.82,1.00011E+31,1,0,0,0,1,1,1,1,1,1,0,0,1,1,0,0,1,0,1,0,1,0,0,1,0,0,1,0,1,1,1,1
NZ,104.78.177.201,7845420.792,1.101E+30,0,1,1,0,1,0,0,0,0,1,0,0,1,1,1,0,1,0,1,1,0,0,0,1,1,1,0,0,1,0,0,1
NZ,199.232.57.132,14291895.74,1.10001E+31,1,1,0,0,0,1,1,1,1,1,1,0,1,0,0,0,0,0,1,1,1,0,0,1,1,0,0,0,0,1,0,0
NZ,199.232.57.132,40773174.04,1.10001E+31,1,1,0,0,0,1,1,1,1,1,1,0,1,0,0,0,0,0,1,1,1,0,0,1,1,0,0,0,0,1,0,0
NZ,151.101.16.84,60837630.08,1.00101E+31,1,0,0,1,0,1,1,1,0,1,1,0,0,1,0,1,0,0,0,1,0,0,0,0,0,1,0,1,0,1,0,0
NZ,143.204.169.72,42548511.79,1.00011E+31,1,0,0,0,1,1,1,1,1,1,0,0,1,1,0,0,1,0,1,0,1,0,0,1,0,1,0,0,1,0,0,0
NZ,216.58.210.193,144924800,1.1011E+31,1,1,0,1,1,0,0,0,0,0,1,1,1,0,1,0,1,1,0,1,0,0,1,0,1,1,0,0,0,0,0,1
NZ,104.22.5.188,59602225.01,1.101E+30,0,1,1,0,1,0,0,0,0,0,0,1,0,1,1,0,0,0,0,0,0,1,0,1,1,0,1,1,1,1,0,0
NZ,104.78.177.201,7583948.671,1.101E+30,0,1,1,0,1,0,0,0,0,1,0,0,1,1,1,0,1,0,1,1,0,0,0,1,1,1,0,0,1,0,0,1
NZ,151.101.16.84,25767043.49,1.00101E+31,1,0,0,1,0,1,1,1,0,1,1,0,0,1,0,1,0,0,0,1,0,0,0,0,0,1,0,1,0,1,0,0
NZ,151.101.16.104,27022903.68,1.00101E+31,1,0,0,1,0,1,1,1,0,1,1,0,0,1,0,1,0,0,0,1,0,0,0,0,0,1,1,0,1,0,0,0
NZ,104.18.53.176,77573626.32,1.101E+30,0,1,1,0,1,0,0,0,0,0,0,1,0,0,1,0,0,0,1,1,0,1,0,1,1,0,1,1,0,0,0,0
NZ,104.78.177.201,22829449.02,1.101E+30,0,1,1,0,1,0,0,0,0,1,0,0,1,1,1,0,1,0,1,1,0,0,0,1,1,1,0,0,1,0,0,1
NZ,31.205.250.225,31328632.78,1.11111E+28,0,0,0,1,1,1,1,1,1,1,0,0,1,1,0,1,1,1,1,1,1,0,1,0,1,1,1,0,0,0,0,1
AU,104.78.177.18,3592275.773,1.101E+30,0,1,1,0,1,0,0,0,0,1,0,0,1,1,1,0,1,0,1,1,0,0,0,1,0,0,0,1,0,0,1,0
AU,104.18.50.54,9577928.369,1.101E+30,0,1,1,0,1,0,0,0,0,0,0,1,0,0,1,0,0,0,1,1,0,0,1,0,0,0,1,1,0,1,1,0
AU,104.78.176.142,15354455.94,1.101E+30,0,1,1,0,1,0,0,0,0,1,0,0,1,1,1,0,1,0,1,1,0,0,0,0,1,0,0,0,1,1,1,0
AU,192.0.77.2,14749555.48,1.1E+31,1,1,0,0,0,0,0,0,0,0,0,0,0,0,0,0,0,1,0,0,1,1,0,1,0,0,0,0,0,0,1,0
AU,199.232.56.84,60644399.75,1.10001E+31,1,1,0,0,0,1,1,1,1,1,1,0,1,0,0,0,0,0,1,1,1,0,0,0,0,1,0,1,0,1,0,0
AU,104.17.240.204,31989070.01,1.101E+30,0,1,1,0,1,0,0,0,0,0,0,1,0,0,0,1,1,1,1,1,0,0,0,0,1,1,0,0,1,1,0,0
AU,104.78.177.18,4669938.267,1.101E+30,0,1,1,0,1,0,0,0,0,1,0,0,1,1,1,0,1,0,1,1,0,0,0,1,0,0,0,1,0,0,1,0
AU,104.78.176.142,56920595.82,1.101E+30,0,1,1,0,1,0,0,0,0,1,0,0,1,1,1,0,1,0,1,1,0,0,0,0,1,0,0,0,1,1,1,0
AU,216.58.210.193,173562576.3,1.1011E+31,1,1,0,1,1,0,0,0,0,0,1,1,1,0,1,0,1,1,0,1,0,0,1,0,1,1,0,0,0,0,0,1
AU,104.78.177.18,49160631.42,1.101E+30,0,1,1,0,1,0,0,0,0,1,0,0,1,1,1,0,1,0,1,1,0,0,0,1,0,0,0,1,0,0,1,0
AU,104.78.176.142,5946724.243,1.101E+30,0,1,1,0,1,0,0,0,0,1,0,0,1,1,1,0,1,0,1,1,0,0,0,0,1,0,0,0,1,1,1,0
AU,199.232.57.132,16237720.7,1.10001E+31,1,1,0,0,0,1,1,1,1,1,1,0,1,0,0,0,0,0,1,1,1,0,0,1,1,0,0,0,0,1,0,0
AU,192.0.77.2,73625668.44,1.1E+31,1,1,0,0,0,0,0,0,0,0,0,0,0,0,0,0,0,1,0,0,1,1,0,1,0,0,0,0,0,0,1,0
AU,104.78.177.18,96775589.38,1.101E+30,0,1,1,0,1,0,0,0,0,1,0,0,1,1,1,0,1,0,1,1,0,0,0,1,0,0,0,1,0,0,1,0
AU,35.197.246.110,238632809.8,1.00011E+29,0,0,1,0,0,0,1,1,1,1,0,0,0,1,0,1,1,1,1,1,0,1,1,0,0,1,1,0,1,1,1,0
AU,104.78.176.142,114654613,1.101E+30,0,1,1,0,1,0,0,0,0,1,0,0,1,1,1,0,1,0,1,1,0,0,0,0,1,0,0,0,1,1,1,0
AU,104.78.176.142,112187731.3,1.101E+30,0,1,1,0,1,0,0,0,0,1,0,0,1,1,1,0,1,0,1,1,0,0,0,0,1,0,0,0,1,1,1,0
AU,104.18.162.45,99076724.21,1.101E+30,0,1,1,0,1,0,0,0,0,0,0,1,0,0,1,0,1,0,1,0,0,0,1,0,0,0,1,0,1,1,0,1
AU,199.232.56.84,155543035.4,1.10001E+31,1,1,0,0,0,1,1,1,1,1,1,0,1,0,0,0,0,0,1,1,1,0,0,0,0,1,0,1,0,1,0,0
AU,216.58.210.193,325254670.1,1.1011E+31,1,1,0,1,1,0,0,0,0,0,1,1,1,0,1,0,1,1,0,1,0,0,1,0,1,1,0,0,0,0,0,1
MX,104.28.6.41,2479752.43,1.101E+30,0,1,1,0,1,0,0,0,0,0,0,1,1,1,0,0,0,0,0,0,0,1,1,0,0,0,1,0,1,0,0,1
MX,151.139.128.11,10442094.41,1.00101E+31,1,0,0,1,0,1,1,1,1,0,0,0,1,0,1,1,1,0,0,0,0,0,0,0,0,0,0,0,1,0,1,1
MX,104.25.80.25,12399636.08,1.101E+30,0,1,1,0,1,0,0,0,0,0,0,1,1,0,0,1,0,1,0,1,0,0,0,0,0,0,0,1,1,0,0,1
MX,151.101.16.193,5245810.686,1.00101E+31,1,0,0,1,0,1,1,1,0,1,1,0,0,1,0,1,0,0,0,1,0,0,0,0,1,1,0,0,0,0,0,1
MX,2.19.61.22,14302660.05,1.00001E+25,0,0,0,0,0,0,1,0,0,0,0,1,0,0,1,1,0,0,1,1,1,1,0,1,0,0,0,1,0,1,1,0
MX,2.19.61.22,28010676.39,1.00001E+25,0,0,0,0,0,0,1,0,0,0,0,1,0,0,1,1,0,0,1,1,1,1,0,1,0,0,0,1,0,1,1,0
MX,184.26.149.102,25237900.28,1.0111E+31,1,0,1,1,1,0,0,0,0,0,0,1,1,0,1,0,1,0,0,1,0,1,0,1,0,1,1,0,0,1,1,0
MX,2.19.61.22,23331797.32,1.00001E+25,0,0,0,0,0,0,1,0,0,0,0,1,0,0,1,1,0,0,1,1,1,1,0,1,0,0,0,1,0,1,1,0
MX,172.67.157.33,31101357.13,1.01011E+31,1,0,1,0,1,1,0,0,0,1,0,0,0,0,1,1,1,0,0,1,1,1,0,1,0,0,1,0,0,0,0,1
MX,104.16.183.15,55965091.62,1.101E+30,0,1,1,0,1,0,0,0,0,0,0,1,0,0,0,0,1,0,1,1,0,1,1,1,0,0,0,0,1,1,1,1
CO,199.232.56.84,3094416.096,1.10001E+31,1,1,0,0,0,1,1,1,1,1,1,0,1,0,0,0,0,0,1,1,1,0,0,0,0,1,0,1,0,1,0,0
CO,151.101.16.193,7155000.417,1.00101E+31,1,0,0,1,0,1,1,1,0,1,1,0,0,1,0,1,0,0,0,1,0,0,0,0,1,1,0,0,0,0,0,1
CO,199.232.56.84,10670502.58,1.10001E+31,1,1,0,0,0,1,1,1,1,1,1,0,1,0,0,0,0,0,1,1,1,0,0,0,0,1,0,1,0,1,0,0
CO,199.232.56.84,20190029.94,1.10001E+31,1,1,0,0,0,1,1,1,1,1,1,0,1,0,0,0,0,0,1,1,1,0,0,0,0,1,0,1,0,1,0,0
CO,199.232.56.84,21124699.35,1.10001E+31,1,1,0,0,0,1,1,1,1,1,1,0,1,0,0,0,0,0,1,1,1,0,0,0,0,1,0,1,0,1,0,0
CO,142.4.207.43,6933940.593,1.00011E+31,1,0,0,0,1,1,1,0,0,0,0,0,0,1,0,0,1,1,0,0,1,1,1,1,0,0,1,0,1,0,1,1
CO,89.40.126.191,16417692.27,1.011E+30,0,1,0,1,1,0,0,1,0,0,1,0,1,0,0,0,0,1,1,1,1,1,1,0,1,0,1,1,1,1,1,1
CO,199.232.56.84,65391535.62,1.10001E+31,1,1,0,0,0,1,1,1,1,1,1,0,1,0,0,0,0,0,1,1,1,0,0,0,0,1,0,1,0,1,0,0
CO,169.61.31.52,8766149.282,1.0101E+31,1,0,1,0,1,0,0,1,0,0,1,1,1,1,0,1,0,0,0,1,1,1,1,1,0,0,1,1,0,1,0,0
CO,217.61.108.227,16437065.99,1.1011E+31,1,1,0,1,1,0,0,1,0,0,1,1,1,1,0,1,0,1,1,0,1,1,0,0,1,1,1,0,0,0,1,1
CO,151.101.194.166,51698178.43,1.00101E+31,1,0,0,1,0,1,1,1,0,1,1,0,0,1,0,1,1,1,0,0,0,0,1,0,1,0,1,0,0,1,1,0
CO,199.232.56.84,53235233.92,1.10001E+31,1,1,0,0,0,1,1,1,1,1,1,0,1,0,0,0,0,0,1,1,1,0,0,0,0,1,0,1,0,1,0,0
CO,104.31.9.162,42056688.53,1.101E+30,0,1,1,0,1,0,0,0,0,0,0,1,1,1,1,1,0,0,0,0,1,0,0,1,1,0,1,0,0,0,1,0
CO,199.232.56.84,122942608.6,1.10001E+31,1,1,0,0,0,1,1,1,1,1,1,0,1,0,0,0,0,0,1,1,1,0,0,0,0,1,0,1,0,1,0,0
CO,142.4.207.43,32318640.34,1.00011E+31,1,0,0,0,1,1,1,0,0,0,0,0,0,1,0,0,1,1,0,0,1,1,1,1,0,0,1,0,1,0,1,1
CO,184.26.149.102,129383543.6,1.0111E+31,1,0,1,1,1,0,0,0,0,0,0,1,1,0,1,0,1,0,0,1,0,1,0,1,0,1,1,0,0,1,1,0
CO,89.40.126.191,57848779.07,1.011E+30,0,1,0,1,1,0,0,1,0,0,1,0,1,0,0,0,0,1,1,1,1,1,1,0,1,0,1,1,1,1,1,1
CO,104.31.9.162,115830976.3,1.101E+30,0,1,1,0,1,0,0,0,0,0,0,1,1,1,1,1,0,0,0,0,1,0,0,1,1,0,1,0,0,0,1,0
CO,143.204.222.12,126331221.4,1.00011E+31,1,0,0,0,1,1,1,1,1,1,0,0,1,1,0,0,1,1,0,1,1,1,1,0,0,0,0,0,1,1,0,0
CO,199.232.56.84,143290717.2,1.10001E+31,1,1,0,0,0,1,1,1,1,1,1,0,1,0,0,0,0,0,1,1,1,0,0,0,0,1,0,1,0,1,0,0
AR,216.58.210.193,281452.0676,1.1011E+31,1,1,0,1,1,0,0,0,0,0,1,1,1,0,1,0,1,1,0,1,0,0,1,0,1,1,0,0,0,0,0,1
AR,192.0.77.2,340114.5925,1.1E+31,1,1,0,0,0,0,0,0,0,0,0,0,0,0,0,0,0,1,0,0,1,1,0,1,0,0,0,0,0,0,1,0
AR,2.19.61.22,6621103.341,1.00001E+25,0,0,0,0,0,0,1,0,0,0,0,1,0,0,1,1,0,0,1,1,1,1,0,1,0,0,0,1,0,1,1,0
AR,51.79.81.73,2747099.667,1.10011E+29,0,0,1,1,0,0,1,1,0,1,0,0,1,1,1,1,0,1,0,1,0,0,0,1,0,1,0,0,1,0,0,1
AR,184.26.149.102,6776321.657,1.0111E+31,1,0,1,1,1,0,0,0,0,0,0,1,1,0,1,0,1,0,0,1,0,1,0,1,0,1,1,0,0,1,1,0
AR,172.67.70.110,47754657.53,1.01011E+31,1,0,1,0,1,1,0,0,0,1,0,0,0,0,1,1,0,1,0,0,0,1,1,0,0,1,1,0,1,1,1,0
AR,216.58.210.193,41624519.76,1.1011E+31,1,1,0,1,1,0,0,0,0,0,1,1,1,0,1,0,1,1,0,1,0,0,1,0,1,1,0,0,0,0,0,1
AR,216.58.210.193,48923324.83,1.1011E+31,1,1,0,1,1,0,0,0,0,0,1,1,1,0,1,0,1,1,0,1,0,0,1,0,1,1,0,0,0,0,0,1
AR,23.64.39.221,24698141.81,1.0111E+28,0,0,0,1,0,1,1,1,0,1,0,0,0,0,0,0,0,0,1,0,0,1,1,1,1,1,0,1,1,1,0,1
AR,192.0.77.2,11789031.32,1.1E+31,1,1,0,0,0,0,0,0,0,0,0,0,0,0,0,0,0,1,0,0,1,1,0,1,0,0,0,0,0,0,1,0
AR,216.58.210.193,55447808.1,1.1011E+31,1,1,0,1,1,0,0,0,0,0,1,1,1,0,1,0,1,1,0,1,0,0,1,0,1,1,0,0,0,0,0,1
AR,51.79.81.73,8126155.086,1.10011E+29,0,0,1,1,0,0,1,1,0,1,0,0,1,1,1,1,0,1,0,1,0,0,0,1,0,1,0,0,1,0,0,1
AR,149.56.47.100,8907860.626,1.00101E+31,1,0,0,1,0,1,0,1,0,0,1,1,1,0,0,0,0,0,1,0,1,1,1,1,0,1,1,0,0,1,0,0
AR,149.56.126.48,11364297.59,1.00101E+31,1,0,0,1,0,1,0,1,0,0,1,1,1,0,0,0,0,1,1,1,1,1,1,0,0,0,1,1,0,0,0,0
AR,172.67.70.110,91821952.6,1.01011E+31,1,0,1,0,1,1,0,0,0,1,0,0,0,0,1,1,0,1,0,0,0,1,1,0,0,1,1,0,1,1,1,0
AR,184.26.149.102,34562574.63,1.0111E+31,1,0,1,1,1,0,0,0,0,0,0,1,1,0,1,0,1,0,0,1,0,1,0,1,0,1,1,0,0,1,1,0
AR,2.19.61.22,51774665.08,1.00001E+25,0,0,0,0,0,0,1,0,0,0,0,1,0,0,1,1,0,0,1,1,1,1,0,1,0,0,0,1,0,1,1,0
AR,2.19.61.22,70723408.92,1.00001E+25,0,0,0,0,0,0,1,0,0,0,0,1,0,0,1,1,0,0,1,1,1,1,0,1,0,0,0,1,0,1,1,0
AR,192.0.77.2,25173451.71,1.1E+31,1,1,0,0,0,0,0,0,0,0,0,0,0,0,0,0,0,1,0,0,1,1,0,1,0,0,0,0,0,0,1,0
AR,216.58.210.193,185745653.4,1.1011E+31,1,1,0,1,1,0,0,0,0,0,1,1,1,0,1,0,1,1,0,1,0,0,1,0,1,1,0,0,0,0,0,1
BR,72.246.97.66,3535812.127,1.001E+30,0,1,0,0,1,0,0,0,1,1,1,1,0,1,1,0,0,1,1,0,0,0,0,1,0,1,0,0,0,0,1,0
BR,184.87.183.77,16651472.41,1.0111E+31,1,0,1,1,1,0,0,0,0,1,0,1,0,1,1,1,1,0,1,1,0,1,1,1,0,1,0,0,1,1,0,1
BR,72.246.97.121,10626476.18,1.001E+30,0,1,0,0,1,0,0,0,1,1,1,1,0,1,1,0,0,1,1,0,0,0,0,1,0,1,1,1,1,0,0,1
BR,184.87.183.77,39041083.1,1.0111E+31,1,0,1,1,1,0,0,0,0,1,0,1,0,1,1,1,1,0,1,1,0,1,1,1,0,1,0,0,1,1,0,1
BR,199.232.56.193,23249214.05,1.10001E+31,1,1,0,0,0,1,1,1,1,1,1,0,1,0,0,0,0,0,1,1,1,0,0,0,1,1,0,0,0,0,0,1
BR,72.246.97.88,15974606.4,1.001E+30,0,1,0,0,1,0,0,0,1,1,1,1,0,1,1,0,0,1,1,0,0,0,0,1,0,1,0,1,1,0,0,0
BR,72.246.97.57,14174790.71,1.001E+30,0,1,0,0,1,0,0,0,1,1,1,1,0,1,1,0,0,1,1,0,0,0,0,1,0,0,1,1,1,0,0,1
BR,151.101.16.84,41724357.91,1.00101E+31,1,0,0,1,0,1,1,1,0,1,1,0,0,1,0,1,0,0,0,1,0,0,0,0,0,1,0,1,0,1,0,0
BR,162.241.30.65,30241141.22,1.01E+31,1,0,1,0,0,0,1,0,1,1,1,1,0,0,0,1,0,0,0,1,1,1,1,0,0,1,0,0,0,0,0,1
BR,199.232.56.193,89684906.83,1.10001E+31,1,1,0,0,0,1,1,1,1,1,1,0,1,0,0,0,0,0,1,1,1,0,0,0,1,1,0,0,0,0,0,1
BR,192.0.77.2,9339881.684,1.1E+31,1,1,0,0,0,0,0,0,0,0,0,0,0,0,0,0,0,1,0,0,1,1,0,1,0,0,0,0,0,0,1,0
BR,23.43.71.226,84318843.08,1.0111E+28,0,0,0,1,0,1,1,1,0,0,1,0,1,0,1,1,0,1,0,0,0,1,1,1,1,1,1,0,0,0,1,0
BR,192.0.77.2,24083300.9,1.1E+31,1,1,0,0,0,0,0,0,0,0,0,0,0,0,0,0,0,1,0,0,1,1,0,1,0,0,0,0,0,0,1,0
BR,72.246.97.89,53478246.61,1.001E+30,0,1,0,0,1,0,0,0,1,1,1,1,0,1,1,0,0,1,1,0,0,0,0,1,0,1,0,1,1,0,0,1
BR,192.0.77.2,65979879.72,1.1E+31,1,1,0,0,0,0,0,0,0,0,0,0,0,0,0,0,0,1,0,0,1,1,0,1,0,0,0,0,0,0,1,0
BR,199.232.56.193,153287244.6,1.10001E+31,1,1,0,0,0,1,1,1,1,1,1,0,1,0,0,0,0,0,1,1,1,0,0,0,1,1,0,0,0,0,0,1
BR,151.101.16.84,106679075.7,1.00101E+31,1,0,0,1,0,1,1,1,0,1,1,0,0,1,0,1,0,0,0,1,0,0,0,0,0,1,0,1,0,1,0,0
BR,151.101.16.84,68140854.8,1.00101E+31,1,0,0,1,0,1,1,1,0,1,1,0,0,1,0,1,0,0,0,1,0,0,0,0,0,1,0,1,0,1,0,0
BR,31.205.250.208,43348144.03,1.11111E+28,0,0,0,1,1,1,1,1,1,1,0,0,1,1,0,1,1,1,1,1,1,0,1,0,1,1,0,1,0,0,0,0
BR,192.0.77.2,69807077.04,1.1E+31,1,1,0,0,0,0,0,0,0,0,0,0,0,0,0,0,0,1,0,0,1,1,0,1,0,0,0,0,0,0,1,0
CL,2.19.61.22,1242049.14,1.00001E+25,0,0,0,0,0,0,1,0,0,0,0,1,0,0,1,1,0,0,1,1,1,1,0,1,0,0,0,1,0,1,1,0
CL,104.78.177.201,1093953.792,1.101E+30,0,1,1,0,1,0,0,0,0,1,0,0,1,1,1,0,1,0,1,1,0,0,0,1,1,1,0,0,1,0,0,1
CL,184.26.149.102,12653350.9,1.0111E+31,1,0,1,1,1,0,0,0,0,0,0,1,1,0,1,0,1,0,0,1,0,1,0,1,0,1,1,0,0,1,1,0
CL,2.19.61.22,12334715.91,1.00001E+25,0,0,0,0,0,0,1,0,0,0,0,1,0,0,1,1,0,0,1,1,1,1,0,1,0,0,0,1,0,1,1,0
CL,2.19.61.22,13294080.69,1.00001E+25,0,0,0,0,0,0,1,0,0,0,0,1,0,0,1,1,0,0,1,1,1,1,0,1,0,0,0,1,0,1,1,0
CL,104.78.177.201,3325500.154,1.101E+30,0,1,1,0,1,0,0,0,0,1,0,0,1,1,1,0,1,0,1,1,0,0,0,1,1,1,0,0,1,0,0,1
CL,104.17.130.180,33422731.36,1.101E+30,0,1,1,0,1,0,0,0,0,0,0,1,0,0,0,1,1,0,0,0,0,0,1,0,1,0,1,1,0,1,0,0
CL,95.217.73.56,24806283.75,1.01111E+30,0,1,0,1,1,1,1,1,1,1,0,1,1,0,0,1,0,1,0,0,1,0,0,1,0,0,1,1,1,0,0,0
CL,2.19.61.22,20024606.1,1.00001E+25,0,0,0,0,0,0,1,0,0,0,0,1,0,0,1,1,0,0,1,1,1,1,0,1,0,0,0,1,0,1,1,0
CL,2.19.61.22,14811609.04,1.00001E+25,0,0,0,0,0,0,1,0,0,0,0,1,0,0,1,1,0,0,1,1,1,1,0,1,0,0,0,1,0,1,1,0
CL,184.26.149.102,70656933.82,1.0111E+31,1,0,1,1,1,0,0,0,0,0,0,1,1,0,1,0,1,0,0,1,0,1,0,1,0,1,1,0,0,1,1,0
CL,192.0.72.24,17873586.25,1.1E+31,1,1,0,0,0,0,0,0,0,0,0,0,0,0,0,0,0,1,0,0,1,0,0,0,0,0,0,1,1,0,0,0
CL,104.78.177.201,101368944.1,1.101E+30,0,1,1,0,1,0,0,0,0,1,0,0,1,1,1,0,1,0,1,1,0,0,0,1,1,1,0,0,1,0,0,1
CL,104.17.130.180,175061215.5,1.101E+30,0,1,1,0,1,0,0,0,0,0,0,1,0,0,0,1,1,0,0,0,0,0,1,0,1,0,1,1,0,1,0,0
CL,104.78.177.201,113415103.9,1.101E+30,0,1,1,0,1,0,0,0,0,1,0,0,1,1,1,0,1,0,1,1,0,0,0,1,1,1,0,0,1,0,0,1
CL,104.78.177.201,8677037.046,1.101E+30,0,1,1,0,1,0,0,0,0,1,0,0,1,1,1,0,1,0,1,1,0,0,0,1,1,1,0,0,1,0,0,1
CL,104.78.177.201,13475327.69,1.101E+30,0,1,1,0,1,0,0,0,0,1,0,0,1,1,1,0,1,0,1,1,0,0,0,1,1,1,0,0,1,0,0,1
CL,2.19.61.22,43367398.85,1.00001E+25,0,0,0,0,0,0,1,0,0,0,0,1,0,0,1,1,0,0,1,1,1,1,0,1,0,0,0,1,0,1,1,0
CL,95.217.73.56,58877953.45,1.01111E+30,0,1,0,1,1,1,1,1,1,1,0,1,1,0,0,1,0,1,0,0,1,0,0,1,0,0,1,1,1,0,0,0
CL,95.217.73.56,57410645.93,1.01111E+30,0,1,0,1,1,1,1,1,1,1,0,1,1,0,0,1,0,1,0,0,1,0,0,1,0,0,1,1,1,0,0,0
CL,104.78.177.201,158096462.1,1.101E+30,0,1,1,0,1,0,0,0,0,1,0,0,1,1,1,0,1,0,1,1,0,0,0,1,1,1,0,0,1,0,0,1
CL,2.19.61.22,147925829.3,1.00001E+25,0,0,0,0,0,0,1,0,0,0,0,1,0,0,1,1,0,0,1,1,1,1,0,1,0,0,0,1,0,1,1,0
CL,95.217.78.184,71564481.32,1.01111E+30,0,1,0,1,1,1,1,1,1,1,0,1,1,0,0,1,0,1,0,0,1,1,1,0,1,0,1,1,1,0,0,0
CL,2.19.61.22,72841049.35,1.00001E+25,0,0,0,0,0,0,1,0,0,0,0,1,0,0,1,1,0,0,1,1,1,1,0,1,0,0,0,1,0,1,1,0
CL,184.26.149.102,105002354.3,1.0111E+31,1,0,1,1,1,0,0,0,0,0,0,1,1,0,1,0,1,0,0,1,0,1,0,1,0,1,1,0,0,1,1,0
CL,104.78.177.201,27291447.97,1.101E+30,0,1,1,0,1,0,0,0,0,1,0,0,1,1,1,0,1,0,1,1,0,0,0,1,1,1,0,0,1,0,0,1
CL,99.84.5.16,299292258,1.10001E+30,0,1,1,0,0,0,1,1,0,1,0,1,0,1,0,0,0,0,0,0,0,1,0,1,0,0,0,1,0,0,0,0
CL,104.78.177.201,15588868.58,1.101E+30,0,1,1,0,1,0,0,0,0,1,0,0,1,1,1,0,1,0,1,1,0,0,0,1,1,1,0,0,1,0,0,1
CL,2.19.61.22,64587169.38,1.00001E+25,0,0,0,0,0,0,1,0,0,0,0,1,0,0,1,1,0,0,1,1,1,1,0,1,0,0,0,1,0,1,1,0
CL,2.19.61.22,37241458.84,1.00001E+25,0,0,0,0,0,0,1,0,0,0,0,1,0,0,1,1,0,0,1,1,1,1,0,1,0,0,0,1,0,1,1,0
US,151.101.16.239,1960846.583,1.00101E+31,1,0,0,1,0,1,1,1,0,1,1,0,0,1,0,1,0,0,0,1,0,0,0,0,1,1,1,0,1,1,1,1
US,2.19.61.22,16458457.99,1.00001E+25,0,0,0,0,0,0,1,0,0,0,0,1,0,0,1,1,0,0,1,1,1,1,0,1,0,0,0,1,0,1,1,0
US,199.232.58.137,38164148.83,1.10001E+31,1,1,0,0,0,1,1,1,1,1,1,0,1,0,0,0,0,0,1,1,1,0,1,0,1,0,0,0,1,0,0,1
US,151.101.18.62,17045807.96,1.00101E+31,1,0,0,1,0,1,1,1,0,1,1,0,0,1,0,1,0,0,0,1,0,0,1,0,0,0,1,1,1,1,1,0
US,151.101.16.239,15109846.25,1.00101E+31,1,0,0,1,0,1,1,1,0,1,1,0,0,1,0,1,0,0,0,1,0,0,0,0,1,1,1,0,1,1,1,1
US,199.232.56.155,32623690.65,1.10001E+31,1,1,0,0,0,1,1,1,1,1,1,0,1,0,0,0,0,0,1,1,1,0,0,0,1,0,0,1,1,0,1,1
US,199.232.56.155,36518115.58,1.10001E+31,1,1,0,0,0,1,1,1,1,1,1,0,1,0,0,0,0,0,1,1,1,0,0,0,1,0,0,1,1,0,1,1
US,91.198.174.208,19549704.69,1.01101E+30,0,1,0,1,1,0,1,1,1,1,0,0,0,1,1,0,1,0,1,0,1,1,1,0,1,1,0,1,0,0,0,0
US,199.232.58.137,83480785.42,1.10001E+31,1,1,0,0,0,1,1,1,1,1,1,0,1,0,0,0,0,0,1,1,1,0,1,0,1,0,0,0,1,0,0,1
US,199.232.58.137,56594626.25,1.10001E+31,1,1,0,0,0,1,1,1,1,1,1,0,1,0,0,0,0,0,1,1,1,0,1,0,1,0,0,0,1,0,0,1
US,151.101.16.239,32037823.52,1.00101E+31,1,0,0,1,0,1,1,1,0,1,1,0,0,1,0,1,0,0,0,1,0,0,0,0,1,1,1,0,1,1,1,1
US,34.102.176.152,155933441.6,1.0001E+29,0,0,1,0,0,0,1,0,0,1,1,0,0,1,1,0,1,0,1,1,0,0,0,0,1,0,0,1,1,0,0,0
US,216.58.210.193,176413475.9,1.1011E+31,1,1,0,1,1,0,0,0,0,0,1,1,1,0,1,0,1,1,0,1,0,0,1,0,1,1,0,0,0,0,0,1
US,199.232.58.137,144846001.1,1.10001E+31,1,1,0,0,0,1,1,1,1,1,1,0,1,0,0,0,0,0,1,1,1,0,1,0,1,0,0,0,1,0,0,1
US,13.35.193.98,57093262.11,1.101E+27,0,0,0,0,1,1,0,1,0,0,1,0,0,0,1,1,1,1,0,0,0,0,0,1,0,1,1,0,0,0,1,0
US,151.101.16.239,97361648.64,1.00101E+31,1,0,0,1,0,1,1,1,0,1,1,0,0,1,0,1,0,0,0,1,0,0,0,0,1,1,1,0,1,1,1,1
US,192.0.77.2,146181309.6,1.1E+31,1,1,0,0,0,0,0,0,0,0,0,0,0,0,0,0,0,1,0,0,1,1,0,1,0,0,0,0,0,0,1,0
US,35.214.162.59,166050231,1.00011E+29,0,0,1,0,0,0,1,1,1,1,0,1,0,1,1,0,1,0,1,0,0,0,1,0,0,0,1,1,1,0,1,1
US,104.16.117.145,96963905.7,1.101E+30,0,1,1,0,1,0,0,0,0,0,0,1,0,0,0,0,0,1,1,1,0,1,0,1,1,0,0,1,0,0,0,1
US,104.16.117.145,86133711.42,1.101E+30,0,1,1,0,1,0,0,0,0,0,0,1,0,0,0,0,0,1,1,1,0,1,0,1,1,0,0,1,0,0,0,1
US,151.101.16.239,73468328.11,1.00101E+31,1,0,0,1,0,1,1,1,0,1,1,0,0,1,0,1,0,0,0,1,0,0,0,0,1,1,1,0,1,1,1,1
US,54.88.225.116,52447864.3,1.1011E+29,0,0,1,1,0,1,1,0,0,1,0,1,1,0,0,0,1,1,1,0,0,0,0,1,0,1,1,1,0,1,0,0
US,184.26.149.102,106475225.6,1.0111E+31,1,0,1,1,1,0,0,0,0,0,0,1,1,0,1,0,1,0,0,1,0,1,0,1,0,1,1,0,0,1,1,0
US,2.19.61.22,160110041.6,1.00001E+25,0,0,0,0,0,0,1,0,0,0,0,1,0,0,1,1,0,0,1,1,1,1,0,1,0,0,0,1,0,1,1,0
US,23.185.0.2,64743692,1.01111E+28,0,0,0,1,0,1,1,1,1,0,1,1,1,0,0,1,0,0,0,0,0,0,0,0,0,0,0,0,0,0,1,0
US,199.232.58.137,161659058.4,1.10001E+31,1,1,0,0,0,1,1,1,1,1,1,0,1,0,0,0,0,0,1,1,1,0,1,0,1,0,0,0,1,0,0,1
US,104.24.96.129,50756643.96,1.101E+30,0,1,1,0,1,0,0,0,0,0,0,1,1,0,0,0,0,1,1,0,0,0,0,0,1,0,0,0,0,0,0,1
US,192.0.77.2,113145090.1,1.1E+31,1,1,0,0,0,0,0,0,0,0,0,0,0,0,0,0,0,1,0,0,1,1,0,1,0,0,0,0,0,0,1,0
US,199.232.56.104,153959176.4,1.10001E+31,1,1,0,0,0,1,1,1,1,1,1,0,1,0,0,0,0,0,1,1,1,0,0,0,0,1,1,0,1,0,0,0
US,91.198.174.208,208264119.7,1.01101E+30,0,1,0,1,1,0,1,1,1,1,0,0,0,1,1,0,1,0,1,0,1,1,1,0,1,1,0,1,0,0,0,0
CA,13.35.193.66,1841313.07,1.101E+27,0,0,0,0,1,1,0,1,0,0,1,0,0,0,1,1,1,1,0,0,0,0,0,1,0,1,0,0,0,0,1,0
CA,216.58.210.193,8150619.207,1.1011E+31,1,1,0,1,1,0,0,0,0,0,1,1,1,0,1,0,1,1,0,1,0,0,1,0,1,1,0,0,0,0,0,1
CA,184.26.149.102,8156517.284,1.0111E+31,1,0,1,1,1,0,0,0,0,0,0,1,1,0,1,0,1,0,0,1,0,1,0,1,0,1,1,0,0,1,1,0
CA,88.221.135.10,14300766.64,1.011E+30,0,1,0,1,1,0,0,0,1,1,0,1,1,1,0,1,1,0,0,0,0,1,1,1,0,0,0,0,1,0,1,0
CA,192.0.72.19,10403222.21,1.1E+31,1,1,0,0,0,0,0,0,0,0,0,0,0,0,0,0,0,1,0,0,1,0,0,0,0,0,0,1,0,0,1,1
CA,216.58.210.193,68478452.24,1.1011E+31,1,1,0,1,1,0,0,0,0,0,1,1,1,0,1,0,1,1,0,1,0,0,1,0,1,1,0,0,0,0,0,1
CA,143.204.169.25,29521618.18,1.00011E+31,1,0,0,0,1,1,1,1,1,1,0,0,1,1,0,0,1,0,1,0,1,0,0,1,0,0,0,1,1,0,0,1
CA,88.221.135.10,30553701.82,1.011E+30,0,1,0,1,1,0,0,0,1,1,0,1,1,1,0,1,1,0,0,0,0,1,1,1,0,0,0,0,1,0,1,0
CA,104.28.16.4,22621973.4,1.101E+30,0,1,1,0,1,0,0,0,0,0,0,1,1,1,0,0,0,0,0,1,0,0,0,0,0,0,0,0,0,1,0,0
CA,151.101.18.133,65404458.84,1.00101E+31,1,0,0,1,0,1,1,1,0,1,1,0,0,1,0,1,0,0,0,1,0,0,1,0,1,0,0,0,0,1,0,1
CA,151.101.18.99,64954995.77,1.00101E+31,1,0,0,1,0,1,1,1,0,1,1,0,0,1,0,1,0,0,0,1,0,0,1,0,0,1,1,0,0,0,1,1
CA,104.24.112.89,100631900.9,1.101E+30,0,1,1,0,1,0,0,0,0,0,0,1,1,0,0,0,0,1,1,1,0,0,0,0,0,1,0,1,1,0,0,1
CA,104.16.169.89,68604615.56,1.101E+30,0,1,1,0,1,0,0,0,0,0,0,1,0,0,0,0,1,0,1,0,1,0,0,1,0,1,0,1,1,0,0,1
CA,104.18.23.250,214743623.8,1.101E+30,0,1,1,0,1,0,0,0,0,0,0,1,0,0,1,0,0,0,0,1,0,1,1,1,1,1,1,1,1,0,1,0
CA,216.58.210.193,188905783.9,1.1011E+31,1,1,0,1,1,0,0,0,0,0,1,1,1,0,1,0,1,1,0,1,0,0,1,0,1,1,0,0,0,0,0,1
CA,199.232.56.84,87325236.92,1.10001E+31,1,1,0,0,0,1,1,1,1,1,1,0,1,0,0,0,0,0,1,1,1,0,0,0,0,1,0,1,0,1,0,0
CA,13.35.193.66,65594083.29,1.101E+27,0,0,0,0,1,1,0,1,0,0,1,0,0,0,1,1,1,1,0,0,0,0,0,1,0,1,0,0,0,0,1,0
CA,216.58.210.193,161950492.1,1.1011E+31,1,1,0,1,1,0,0,0,0,0,1,1,1,0,1,0,1,1,0,1,0,0,1,0,1,1,0,0,0,0,0,1
CA,151.101.18.133,71182384.04,1.00101E+31,1,0,0,1,0,1,1,1,0,1,1,0,0,1,0,1,0,0,0,1,0,0,1,0,1,0,0,0,0,1,0,1
CA,216.58.210.193,319309394.1,1.1011E+31,1,1,0,1,1,0,0,0,0,0,1,1,1,0,1,0,1,1,0,1,0,0,1,0,1,1,0,0,0,0,0,1
